TimeStamp,Light,Moisture 1,Moisture 2,Temp,Humidity
1900-01-01 19:39:00,11.75,131.75,176.0,27.575,27.125
1900-01-01 19:40:00,9.962962962962964,129.85185185185185,174.07407407407408,27.5888888888889,28.037037037037038
1900-01-01 19:41:00,9.576923076923077,130.26923076923077,173.53846153846155,27.550000000000004,27.96153846153846
1900-01-01 19:42:00,9.538461538461538,130.03846153846155,174.23076923076923,27.48461538461538,27.5
1900-01-01 19:43:00,9.653846153846153,129.42307692307693,173.73076923076923,27.423076923076913,27.576923076923077
1900-01-01 19:44:00,9.26923076923077,129.23076923076923,173.92307692307693,27.41153846153845,27.884615384615383
1900-01-01 19:45:00,9.333333333333334,129.62962962962962,174.14814814814815,27.4111111111111,29.62962962962963
1900-01-01 19:46:00,8.307692307692308,128.96153846153845,172.73076923076923,27.4076923076923,29.615384615384617
1900-01-01 19:47:00,8.923076923076923,128.84615384615384,173.15384615384616,27.403846153846146,29.615384615384617
1900-01-01 19:48:00,9.076923076923077,129.03846153846155,173.23076923076923,27.388461538461527,29.423076923076923
1900-01-01 19:49:00,8.777777777777779,129.0,173.40740740740742,27.366666666666653,28.77777777777778
1900-01-01 19:50:00,8.653846153846153,129.03846153846155,173.1153846153846,27.36153846153845,29.46153846153846
1900-01-01 19:51:00,8.73076923076923,128.69230769230768,172.69230769230768,27.365384615384603,28.923076923076923
1900-01-01 19:52:00,8.461538461538462,129.26923076923077,172.96153846153845,27.349999999999987,29.5
1900-01-01 19:53:00,8.185185185185185,128.59259259259258,173.07407407407408,27.318518518518513,29.59259259259259
1900-01-01 19:54:00,8.538461538461538,129.19230769230768,173.76923076923077,27.319230769230764,30.26923076923077
1900-01-01 19:55:00,8.423076923076923,128.73076923076923,173.1153846153846,27.319230769230764,29.423076923076923
1900-01-01 19:56:00,8.26923076923077,128.69230769230768,172.8846153846154,27.311538461538454,29.423076923076923
1900-01-01 19:57:00,8.115384615384615,128.73076923076923,173.1153846153846,27.32692307692307,30.076923076923077
1900-01-01 19:58:00,8.62962962962963,128.59259259259258,172.4814814814815,27.329629629629622,29.703703703703702
1900-01-01 19:59:00,9.23076923076923,129.1153846153846,173.15384615384616,27.29615384615384,29.76923076923077
1900-01-01 20:00:00,8.807692307692308,129.42307692307693,173.15384615384616,27.234615384615395,29.192307692307693
1900-01-01 20:01:00,9.23076923076923,129.6153846153846,173.0,27.21923076923078,29.423076923076923
1900-01-01 20:02:00,8.777777777777779,128.66666666666666,172.40740740740742,27.181481481481494,29.074074074074073
1900-01-01 20:03:00,7.884615384615385,128.8846153846154,172.73076923076923,27.1923076923077,28.846153846153847
1900-01-01 20:04:00,8.73076923076923,128.84615384615384,173.03846153846155,27.192307692307686,29.384615384615383
1900-01-01 20:05:00,8.038461538461538,128.53846153846155,172.96153846153845,27.23461538461538,29.846153846153847
1900-01-01 20:06:00,8.192307692307692,129.15384615384616,173.65384615384616,27.253846153846155,29.615384615384617
1900-01-01 20:07:00,8.222222222222221,128.8148148148148,172.88888888888889,27.23333333333334,28.62962962962963
1900-01-01 20:08:00,7.6923076923076925,129.07692307692307,173.84615384615384,27.184615384615388,29.73076923076923
1900-01-01 20:09:00,8.461538461538462,129.03846153846155,173.34615384615384,27.153846153846164,29.423076923076923
1900-01-01 20:10:00,8.23076923076923,128.34615384615384,173.03846153846155,27.18461538461539,29.846153846153847
1900-01-01 20:11:00,7.7407407407407405,129.14814814814815,173.4814814814815,27.23703703703703,31.037037037037038
1900-01-01 20:12:00,8.0,128.46153846153845,173.07692307692307,27.23846153846154,29.384615384615383
1900-01-01 20:13:00,8.192307692307692,128.76923076923077,173.73076923076923,27.17692307692308,29.46153846153846
1900-01-01 20:14:00,7.884615384615385,128.76923076923077,173.46153846153845,27.276923076923065,30.03846153846154
1900-01-01 20:15:00,7.769230769230769,128.57692307692307,173.1153846153846,27.288461538461533,29.615384615384617
1900-01-01 20:16:00,8.555555555555555,128.5185185185185,173.59259259259258,27.25925925925926,28.666666666666668
1900-01-01 20:17:00,8.23076923076923,129.57692307692307,173.07692307692307,27.265384615384612,29.576923076923077
1900-01-01 20:18:00,7.961538461538462,128.8846153846154,172.65384615384616,27.230769230769234,28.346153846153847
1900-01-01 20:19:00,7.461538461538462,129.30769230769232,173.6153846153846,27.161538461538466,28.76923076923077
1900-01-01 20:20:00,7.888888888888889,128.88888888888889,173.03703703703704,27.222222222222232,29.22222222222222
1900-01-01 20:21:00,7.730769230769231,128.92307692307693,173.0,27.207692307692305,29.0
1900-01-01 20:22:00,8.076923076923077,128.6153846153846,172.3846153846154,27.234615384615388,29.384615384615383
1900-01-01 20:23:00,7.961538461538462,128.92307692307693,172.34615384615384,27.234615384615388,28.384615384615383
1900-01-01 20:24:00,8.884615384615385,129.19230769230768,172.57692307692307,27.130769230769243,27.192307692307693
1900-01-01 20:25:00,7.7407407407407405,128.40740740740742,172.55555555555554,27.111111111111125,28.0
1900-01-01 20:26:00,8.115384615384615,128.6153846153846,172.03846153846155,27.107692307692318,28.076923076923077
1900-01-01 20:27:00,8.538461538461538,129.15384615384616,173.23076923076923,27.09615384615386,28.153846153846153
1900-01-01 20:28:00,7.846153846153846,129.15384615384616,172.69230769230768,27.10000000000001,28.576923076923077
1900-01-01 20:29:00,7.777777777777778,128.66666666666666,173.37037037037038,27.103703703703715,29.62962962962963
1900-01-01 20:30:00,8.307692307692308,129.07692307692307,172.69230769230768,27.123076923076933,28.53846153846154
1900-01-01 20:31:00,8.576923076923077,129.1153846153846,173.46153846153845,27.073076923076936,29.346153846153847
1900-01-01 20:32:00,8.076923076923077,128.53846153846155,173.42307692307693,27.0423076923077,28.576923076923077
1900-01-01 20:33:00,7.888888888888889,128.59259259259258,173.22222222222223,27.059259259259267,27.666666666666668
1900-01-01 20:34:00,8.23076923076923,128.84615384615384,173.34615384615384,27.023076923076925,27.692307692307693
1900-01-01 20:35:00,8.5,128.96153846153845,173.5,27.030769230769234,28.153846153846153
1900-01-01 20:36:00,8.384615384615385,128.92307692307693,173.69230769230768,27.053846153846163,28.923076923076923
1900-01-01 20:37:00,8.192307692307692,128.6153846153846,173.80769230769232,27.019230769230774,28.73076923076923
1900-01-01 20:38:00,8.444444444444445,129.07407407407408,173.2962962962963,27.022222222222222,29.037037037037038
1900-01-01 20:39:00,8.384615384615385,129.07692307692307,173.5,27.00769230769231,27.653846153846153
1900-01-01 20:40:00,8.076923076923077,128.92307692307693,173.34615384615384,27.0,27.384615384615383
1900-01-01 20:41:00,8.653846153846153,129.26923076923077,173.0,26.98461538461538,26.653846153846153
1900-01-01 20:42:00,8.148148148148149,128.74074074074073,173.44444444444446,26.996296296296297,27.14814814814815
1900-01-01 20:43:00,8.115384615384615,128.80769230769232,172.76923076923077,27.0,27.653846153846153
1900-01-01 20:44:00,8.0,129.19230769230768,173.96153846153845,27.0,29.307692307692307
1900-01-01 20:45:00,7.961538461538462,128.92307692307693,173.15384615384616,26.969230769230762,27.192307692307693
1900-01-01 20:46:00,8.5,128.69230769230768,173.34615384615384,26.911538461538456,26.884615384615383
1900-01-01 20:47:00,8.148148148148149,129.22222222222223,174.14814814814815,26.96296296296296,28.555555555555557
1900-01-01 20:48:00,8.307692307692308,128.92307692307693,172.73076923076923,26.996153846153845,27.73076923076923
1900-01-01 20:49:00,7.846153846153846,128.96153846153845,173.19230769230768,26.99230769230769,29.346153846153847
1900-01-01 20:50:00,8.23076923076923,129.03846153846155,173.80769230769232,26.996153846153845,29.307692307692307
1900-01-01 20:51:00,8.666666666666666,128.8148148148148,173.88888888888889,27.003703703703703,28.555555555555557
1900-01-01 20:52:00,8.615384615384615,128.84615384615384,173.76923076923077,26.988461538461536,28.26923076923077
1900-01-01 20:53:00,8.076923076923077,129.03846153846155,172.96153846153845,26.915384615384603,29.23076923076923
1900-01-01 20:54:00,7.346153846153846,128.65384615384616,173.15384615384616,26.969230769230766,29.307692307692307
1900-01-01 20:55:00,8.148148148148149,129.44444444444446,174.11111111111111,27.0,29.62962962962963
1900-01-01 20:56:00,8.26923076923077,129.42307692307693,173.96153846153845,26.988461538461536,30.5
1900-01-01 20:57:00,7.730769230769231,129.07692307692307,173.42307692307693,26.969230769230762,29.653846153846153
1900-01-01 20:58:00,7.923076923076923,128.92307692307693,173.34615384615384,26.969230769230766,29.846153846153847
1900-01-01 20:59:00,8.0,129.07692307692307,173.0,26.869230769230757,29.53846153846154
1900-01-01 21:00:00,7.851851851851852,129.11111111111111,173.85185185185185,26.814814814814806,28.37037037037037
1900-01-01 21:01:00,7.961538461538462,129.34615384615384,172.84615384615384,26.84230769230769,29.384615384615383
1900-01-01 21:02:00,7.923076923076923,129.30769230769232,173.73076923076923,26.88076923076922,29.0
1900-01-01 21:03:00,7.923076923076923,129.42307692307693,174.03846153846155,26.82692307692307,28.307692307692307
1900-01-01 21:04:00,7.769230769230769,129.34615384615384,173.65384615384616,26.79615384615384,27.653846153846153
1900-01-01 21:05:00,8.0,128.88888888888889,173.7037037037037,26.79629629629629,28.14814814814815
1900-01-01 21:06:00,8.384615384615385,128.8846153846154,173.30769230769232,26.830769230769224,29.576923076923077
1900-01-01 21:07:00,8.76923076923077,129.65384615384616,174.07692307692307,26.857692307692297,28.03846153846154
1900-01-01 21:08:00,8.23076923076923,129.03846153846155,173.53846153846155,26.799999999999994,27.0
1900-01-01 21:09:00,7.925925925925926,129.33333333333334,174.07407407407408,26.788888888888884,28.14814814814815
1900-01-01 21:10:00,8.461538461538462,129.76923076923077,173.73076923076923,26.81923076923076,29.615384615384617
1900-01-01 21:11:00,8.461538461538462,129.0,173.34615384615384,26.834615384615383,27.923076923076923
1900-01-01 21:12:00,8.807692307692308,129.80769230769232,173.92307692307693,26.838461538461527,27.0
1900-01-01 21:13:00,8.5,129.8846153846154,174.6153846153846,26.838461538461523,28.692307692307693
1900-01-01 21:14:00,8.518518518518519,129.11111111111111,174.22222222222223,26.829629629629622,28.85185185185185
1900-01-01 21:15:00,8.076923076923077,129.53846153846155,174.15384615384616,26.726923076923075,28.576923076923077
1900-01-01 21:16:00,8.5,129.3846153846154,173.8846153846154,26.700000000000006,27.884615384615383
1900-01-01 21:17:00,8.423076923076923,129.34615384615384,173.76923076923077,26.680769230769236,27.884615384615383
1900-01-01 21:18:00,8.333333333333334,129.55555555555554,174.0,26.722222222222214,28.48148148148148
1900-01-01 21:19:00,7.884615384615385,129.5,173.42307692307693,26.784615384615375,29.884615384615383
1900-01-01 21:20:00,8.26923076923077,129.1153846153846,173.46153846153845,26.811538461538454,29.26923076923077
1900-01-01 21:21:00,8.461538461538462,129.3846153846154,173.6153846153846,26.849999999999987,28.846153846153847
1900-01-01 21:22:00,7.7407407407407405,128.77777777777777,172.8148148148148,26.848148148148137,29.37037037037037
1900-01-01 21:23:00,7.653846153846154,129.6153846153846,173.15384615384616,26.838461538461527,29.923076923076923
1900-01-01 21:24:00,8.076923076923077,129.76923076923077,173.15384615384616,26.780769230769224,30.307692307692307
1900-01-01 21:25:00,8.0,129.23076923076923,172.65384615384616,26.742307692307694,29.307692307692307
1900-01-01 21:26:00,8.076923076923077,129.92307692307693,173.53846153846155,26.703846153846158,28.307692307692307
1900-01-01 21:27:00,8.37037037037037,129.40740740740742,173.40740740740742,26.685185185185194,28.48148148148148
1900-01-01 21:28:00,7.923076923076923,129.42307692307693,173.03846153846155,26.692307692307697,28.23076923076923
1900-01-01 21:29:00,8.076923076923077,129.19230769230768,172.76923076923077,26.65769230769232,28.0
1900-01-01 21:30:00,7.615384615384615,129.42307692307693,173.23076923076923,26.673076923076927,29.53846153846154
1900-01-01 21:31:00,7.62962962962963,130.03703703703704,173.33333333333334,26.733333333333324,30.37037037037037
1900-01-01 21:32:00,8.384615384615385,129.80769230769232,173.42307692307693,26.773076923076914,32.65384615384615
1900-01-01 21:33:00,7.769230769230769,129.46153846153845,173.07692307692307,26.78846153846154,32.15384615384615
1900-01-01 21:34:00,8.307692307692308,129.65384615384616,172.84615384615384,26.76153846153847,29.576923076923077
1900-01-01 21:35:00,8.26923076923077,129.57692307692307,173.23076923076923,26.71923076923078,29.846153846153847
1900-01-01 21:36:00,8.518518518518519,129.74074074074073,173.14814814814815,26.662962962962972,29.296296296296298
1900-01-01 21:37:00,8.0,129.73076923076923,173.15384615384616,26.67692307692308,29.615384615384617
1900-01-01 21:38:00,8.576923076923077,129.84615384615384,172.96153846153845,26.673076923076927,28.576923076923077
1900-01-01 21:39:00,8.076923076923077,129.73076923076923,173.23076923076923,26.68461538461539,29.46153846153846
1900-01-01 21:40:00,8.518518518518519,129.8148148148148,173.07407407407408,26.68888888888889,30.0
1900-01-01 21:41:00,7.961538461538462,129.69230769230768,173.34615384615384,26.707692307692312,28.807692307692307
1900-01-01 21:42:00,8.653846153846153,129.6153846153846,172.73076923076923,26.684615384615388,28.423076923076923
1900-01-01 21:43:00,8.115384615384615,129.96153846153845,173.3846153846154,26.638461538461552,29.384615384615383
1900-01-01 21:44:00,8.26923076923077,129.80769230769232,173.5,26.653846153846164,29.5
1900-01-01 21:45:00,8.296296296296296,129.55555555555554,173.14814814814815,26.64444444444446,29.333333333333332
1900-01-01 21:46:00,8.26923076923077,129.30769230769232,173.07692307692307,26.661538461538473,28.03846153846154
1900-01-01 21:47:00,8.961538461538462,129.92307692307693,173.34615384615384,26.630769230769243,27.96153846153846
1900-01-01 21:48:00,8.26923076923077,129.6153846153846,173.19230769230768,26.607692307692318,29.423076923076923
1900-01-01 21:49:00,8.62962962962963,130.0,173.4814814814815,26.592592592592606,29.703703703703702
1900-01-01 21:50:00,8.846153846153847,129.1153846153846,173.0,26.5923076923077,29.73076923076923
1900-01-01 21:51:00,8.192307692307692,129.65384615384616,173.19230769230768,26.611538461538473,29.307692307692307
1900-01-01 21:52:00,7.730769230769231,130.30769230769232,173.80769230769232,26.61153846153847,28.96153846153846
1900-01-01 21:53:00,8.384615384615385,129.6153846153846,173.6153846153846,26.573076923076933,27.0
1900-01-01 21:54:00,8.037037037037036,129.4814814814815,173.03703703703704,26.574074074074083,26.88888888888889
1900-01-01 21:55:00,7.961538461538462,130.26923076923077,173.57692307692307,26.473076923076917,26.26923076923077
1900-01-01 21:56:00,8.076923076923077,130.07692307692307,173.6153846153846,26.34230769230768,26.615384615384617
1900-01-01 21:57:00,8.038461538461538,130.1153846153846,173.42307692307693,26.330769230769217,26.73076923076923
1900-01-01 21:58:00,7.962962962962963,129.59259259259258,173.03703703703704,26.314814814814806,26.333333333333332
1900-01-01 21:59:00,8.538461538461538,129.92307692307693,173.26923076923077,26.299999999999994,26.73076923076923
1900-01-01 22:00:00,8.384615384615385,130.07692307692307,174.0,26.311538461538454,28.192307692307693
1900-01-01 22:01:00,7.615384615384615,129.73076923076923,173.26923076923077,26.334615384615383,30.03846153846154
1900-01-01 22:02:00,7.851851851851852,130.03703703703704,173.7037037037037,26.325925925925915,28.703703703703702
1900-01-01 22:03:00,8.192307692307692,129.80769230769232,173.15384615384616,26.34999999999999,29.076923076923077
1900-01-01 22:04:00,7.8076923076923075,129.80769230769232,173.42307692307693,26.34999999999999,30.153846153846153
1900-01-01 22:05:00,7.769230769230769,129.6153846153846,173.5,26.31538461538461,30.0
1900-01-01 22:06:00,8.115384615384615,129.73076923076923,173.26923076923077,26.34999999999999,29.76923076923077
1900-01-01 22:07:00,7.7407407407407405,129.66666666666666,173.22222222222223,26.396296296296285,30.40740740740741
1900-01-01 22:08:00,8.807692307692308,128.73076923076923,172.65384615384616,26.407692307692294,28.73076923076923
1900-01-01 22:09:00,7.923076923076923,133.96153846153845,175.69230769230768,26.36923076923076,27.307692307692307
1900-01-01 22:10:00,7.769230769230769,134.73076923076923,177.6153846153846,26.257692307692313,28.884615384615383
1900-01-01 22:11:00,8.25925925925926,132.66666666666666,175.8148148148148,26.270370370370365,29.444444444444443
1900-01-01 22:12:00,8.538461538461538,130.8846153846154,175.42307692307693,26.26923076923077,28.0
1900-01-01 22:13:00,8.076923076923077,129.23076923076923,173.42307692307693,26.292307692307684,28.96153846153846
1900-01-01 22:14:00,7.423076923076923,129.80769230769232,174.42307692307693,26.36153846153845,29.96153846153846
1900-01-01 22:15:00,7.923076923076923,129.92307692307693,174.26923076923077,26.403846153846146,29.076923076923077
1900-01-01 22:16:00,8.11111111111111,129.11111111111111,173.77777777777777,26.422222222222214,28.814814814814813
1900-01-01 22:17:00,8.153846153846153,129.76923076923077,174.8846153846154,26.392307692307682,27.23076923076923
1900-01-01 22:18:00,7.923076923076923,129.92307692307693,174.65384615384616,26.40384615384614,29.346153846153847
1900-01-01 22:19:00,7.846153846153846,129.3846153846154,174.23076923076923,26.376923076923063,28.46153846153846
1900-01-01 22:20:00,8.074074074074074,129.92592592592592,174.4814814814815,26.385185185185176,28.59259259259259
1900-01-01 22:21:00,7.846153846153846,129.8846153846154,174.26923076923077,26.407692307692294,29.73076923076923
1900-01-01 22:22:00,7.923076923076923,129.84615384615384,174.42307692307693,26.434615384615377,29.653846153846153
1900-01-01 22:23:00,7.846153846153846,129.73076923076923,174.30769230769232,26.403846153846146,29.26923076923077
1900-01-01 22:24:00,7.230769230769231,129.5,174.03846153846155,26.426923076923064,28.653846153846153
1900-01-01 22:25:00,7.962962962962963,129.77777777777777,174.4814814814815,26.318518518518513,26.88888888888889
1900-01-01 22:26:00,7.576923076923077,129.92307692307693,174.57692307692307,26.28076923076922,28.884615384615383
1900-01-01 22:27:00,8.307692307692308,129.80769230769232,173.8846153846154,26.31538461538461,29.384615384615383
1900-01-01 22:28:00,7.923076923076923,130.65384615384616,174.23076923076923,26.338461538461534,32.07692307692308
1900-01-01 22:29:00,7.592592592592593,129.8148148148148,174.62962962962962,26.366666666666653,33.074074074074076
1900-01-01 22:30:00,8.307692307692308,129.92307692307693,173.92307692307693,26.369230769230757,30.53846153846154
1900-01-01 22:31:00,8.0,129.96153846153845,173.42307692307693,26.338461538461527,28.653846153846153
1900-01-01 22:32:00,8.0,129.6153846153846,173.34615384615384,26.296153846153853,28.807692307692307
1900-01-01 22:33:00,8.037037037037036,129.7037037037037,173.22222222222223,26.21851851851853,29.37037037037037
1900-01-01 22:34:00,7.615384615384615,130.30769230769232,173.5,26.207692307692312,30.26923076923077
1900-01-01 22:35:00,7.769230769230769,129.6153846153846,173.42307692307693,26.234615384615378,31.115384615384617
1900-01-01 22:36:00,7.769230769230769,129.53846153846155,173.34615384615384,26.28461538461538,31.076923076923077
1900-01-01 22:37:00,7.769230769230769,130.1153846153846,173.42307692307693,26.319230769230764,31.807692307692307
1900-01-01 22:38:00,7.518518518518518,129.7037037037037,173.44444444444446,26.333333333333325,29.814814814814813
1900-01-01 22:39:00,7.5,130.15384615384616,173.65384615384616,26.38846153846153,30.884615384615383
1900-01-01 22:40:00,8.23076923076923,130.42307692307693,173.3846153846154,26.361538461538455,30.23076923076923
1900-01-01 22:41:00,7.769230769230769,129.96153846153845,173.65384615384616,26.319230769230767,29.346153846153847
1900-01-01 22:42:00,8.0,129.62962962962962,173.2962962962963,26.303703703703697,28.40740740740741
1900-01-01 22:43:00,7.615384615384615,130.19230769230768,173.96153846153845,26.30384615384615,29.115384615384617
1900-01-01 22:44:00,7.730769230769231,130.23076923076923,173.3846153846154,26.28461538461538,29.384615384615383
1900-01-01 22:45:00,7.961538461538462,130.1153846153846,173.73076923076923,26.288461538461533,29.653846153846153
1900-01-01 22:46:00,1.0,124.8076923076923,170.0,26.28461538461538,30.192307692307693
1900-01-01 22:47:00,0.14814814814814814,124.33333333333333,169.4814814814815,26.251851851851846,28.88888888888889
1900-01-01 22:48:00,0.11538461538461539,124.3076923076923,169.5,26.22307692307693,28.96153846153846
1900-01-01 22:49:00,0.07692307692307693,124.15384615384616,169.76923076923077,26.142307692307703,28.0
1900-01-01 22:50:00,0.23076923076923078,124.42307692307692,169.84615384615384,26.153846153846157,26.615384615384617
1900-01-01 22:51:00,0.4074074074074074,124.25925925925925,169.59259259259258,26.088888888888896,26.925925925925927
1900-01-01 22:52:00,0.19230769230769232,124.92307692307692,170.03846153846155,26.119230769230782,30.53846153846154
1900-01-01 22:53:00,0.46153846153846156,124.46153846153847,170.07692307692307,26.161538461538473,29.53846153846154
1900-01-01 22:54:00,0.038461538461538464,124.1923076923077,169.57692307692307,26.107692307692318,28.692307692307693
1900-01-01 22:55:00,0.07692307692307693,124.88461538461539,170.8846153846154,26.073076923076933,29.653846153846153
1900-01-01 22:56:00,0.07407407407407407,124.48148148148148,170.22222222222223,26.00740740740741,29.555555555555557
1900-01-01 22:57:00,0.11538461538461539,124.53846153846153,170.42307692307693,26.003846153846155,29.692307692307693
1900-01-01 22:58:00,0.19230769230769232,124.11538461538461,170.3846153846154,26.0423076923077,29.692307692307693
1900-01-01 22:59:00,0.2692307692307692,124.84615384615384,171.19230769230768,26.076923076923087,29.23076923076923
1900-01-01 23:00:00,0.3333333333333333,124.29629629629629,170.74074074074073,26.070370370370384,29.62962962962963
1900-01-01 23:01:00,0.2692307692307692,124.3076923076923,170.76923076923077,26.08846153846155,29.423076923076923
1900-01-01 23:02:00,0.19230769230769232,124.6923076923077,171.3846153846154,26.096153846153854,29.115384615384617
1900-01-01 23:03:00,0.38461538461538464,124.53846153846153,171.0,26.015384615384615,27.5
1900-01-01 23:04:00,0.19230769230769232,124.76923076923077,170.42307692307693,26.03461538461539,29.076923076923077
1900-01-01 23:05:00,0.14814814814814814,124.77777777777777,171.40740740740742,25.974074074074068,30.666666666666668
1900-01-01 23:06:00,0.07692307692307693,124.53846153846153,171.03846153846155,25.984615384615385,30.576923076923077
1900-01-01 23:07:00,0.038461538461538464,124.34615384615384,170.42307692307693,25.9576923076923,28.692307692307693
1900-01-01 23:08:00,0.3076923076923077,124.38461538461539,170.8846153846154,25.9576923076923,29.115384615384617
1900-01-01 23:09:00,0.2962962962962963,124.33333333333333,170.22222222222223,25.948148148148146,30.296296296296298
1900-01-01 23:10:00,0.23076923076923078,124.73076923076923,171.15384615384616,25.93846153846153,30.615384615384617
1900-01-01 23:11:00,0.11538461538461539,124.57692307692308,171.26923076923077,25.92307692307691,28.96153846153846
1900-01-01 23:12:00,0.23076923076923078,123.84615384615384,170.8846153846154,25.888461538461527,28.53846153846154
1900-01-01 23:13:00,0.07407407407407407,125.03703703703704,171.44444444444446,25.848148148148137,28.77777777777778
1900-01-01 23:14:00,0.11538461538461539,124.5,170.96153846153845,25.873076923076912,30.346153846153847
1900-01-01 23:15:00,0.11538461538461539,124.61538461538461,171.3846153846154,25.896153846153837,29.73076923076923
1900-01-01 23:16:00,0.038461538461538464,124.42307692307692,170.30769230769232,25.899999999999984,29.96153846153846
1900-01-01 23:17:00,0.15384615384615385,124.88461538461539,170.46153846153845,25.915384615384603,30.153846153846153
1900-01-01 23:18:00,0.48148148148148145,123.85185185185185,170.62962962962962,25.896296296296285,29.37037037037037
1900-01-01 23:19:00,0.15384615384615385,124.84615384615384,170.46153846153845,25.865384615384606,30.53846153846154
1900-01-01 23:20:00,0.07692307692307693,124.42307692307692,170.1153846153846,25.888461538461527,31.076923076923077
1900-01-01 23:21:00,0.07692307692307693,124.5,170.80769230769232,25.81538461538461,28.846153846153847
1900-01-01 23:22:00,0.1111111111111111,124.81481481481481,171.2962962962963,25.811111111111103,28.37037037037037
1900-01-01 23:23:00,0.19230769230769232,124.3076923076923,170.80769230769232,25.8076923076923,26.76923076923077
1900-01-01 23:24:00,0.15384615384615385,124.8076923076923,171.15384615384616,25.846153846153843,27.26923076923077
1900-01-01 23:25:00,0.0,124.76923076923077,171.1153846153846,25.876923076923067,26.846153846153847
1900-01-01 23:26:00,0.2692307692307692,124.8076923076923,170.65384615384616,25.884615384615376,27.423076923076923
1900-01-01 23:27:00,0.18518518518518517,124.62962962962963,171.07407407407408,25.888888888888875,27.59259259259259
1900-01-01 23:28:00,0.19230769230769232,124.84615384615384,170.84615384615384,25.873076923076912,26.23076923076923
1900-01-01 23:29:00,0.34615384615384615,124.42307692307692,170.46153846153845,25.84999999999999,26.692307692307693
1900-01-01 23:30:00,0.3076923076923077,124.03846153846153,170.92307692307693,25.873076923076912,27.0
1900-01-01 23:31:00,0.18518518518518517,124.5925925925926,170.40740740740742,25.855555555555544,26.11111111111111
1900-01-01 23:32:00,0.19230769230769232,124.53846153846153,170.6153846153846,25.853846153846145,26.03846153846154
1900-01-01 23:33:00,0.3076923076923077,125.1923076923077,170.5,25.857692307692297,27.692307692307693
1900-01-01 23:34:00,0.3076923076923077,124.53846153846153,170.92307692307693,25.869230769230757,27.576923076923077
1900-01-01 23:35:00,0.19230769230769232,124.61538461538461,170.92307692307693,25.84230769230769,27.576923076923077
1900-01-01 23:36:00,0.37037037037037035,124.70370370370371,171.11111111111111,25.848148148148134,26.51851851851852
1900-01-01 23:37:00,0.34615384615384615,124.61538461538461,171.46153846153845,25.8576923076923,27.884615384615383
1900-01-01 23:38:00,0.4230769230769231,124.84615384615384,170.3846153846154,25.830769230769224,27.307692307692307
1900-01-01 23:39:00,0.15384615384615385,124.61538461538461,170.96153846153845,25.838461538461523,26.46153846153846
1900-01-01 23:40:00,0.14814814814814814,125.14814814814815,171.55555555555554,25.803703703703697,24.962962962962962
1900-01-01 23:41:00,0.19230769230769232,125.0,170.8846153846154,25.77692307692308,25.0
1900-01-01 23:42:00,0.3076923076923077,124.84615384615384,170.80769230769232,25.75384615384616,25.03846153846154
1900-01-01 23:43:00,0.23076923076923078,124.88461538461539,170.6153846153846,25.71538461538462,24.03846153846154
1900-01-01 23:44:00,0.3333333333333333,124.48148148148148,171.11111111111111,25.622222222222234,26.555555555555557
1900-01-01 23:45:00,0.11538461538461539,124.88461538461539,170.8846153846154,25.642307692307703,25.884615384615383
1900-01-01 23:46:00,0.38461538461538464,124.92307692307692,170.57692307692307,25.669230769230776,27.46153846153846
1900-01-01 23:47:00,0.07692307692307693,124.73076923076923,171.5,25.67692307692308,28.384615384615383
1900-01-01 23:48:00,0.038461538461538464,124.8076923076923,171.15384615384616,25.72692307692308,27.5
1900-01-01 23:49:00,0.2222222222222222,125.0,170.66666666666666,25.707407407407413,26.074074074074073
1900-01-01 23:50:00,0.19230769230769232,124.92307692307692,170.65384615384616,25.65000000000001,24.73076923076923
1900-01-01 23:51:00,0.11538461538461539,124.84615384615384,170.53846153846155,25.58846153846155,25.115384615384617
1900-01-01 23:52:00,0.11538461538461539,124.61538461538461,170.92307692307693,25.592307692307706,25.96153846153846
1900-01-01 23:53:00,0.25925925925925924,124.96296296296296,171.03703703703704,25.596296296296305,26.185185185185187
1900-01-01 23:54:00,0.07692307692307693,125.26923076923077,170.76923076923077,25.5923076923077,25.307692307692307
1900-01-01 23:55:00,0.38461538461538464,125.26923076923077,171.34615384615384,25.607692307692318,25.73076923076923
1900-01-01 23:56:00,0.07692307692307693,124.88461538461539,170.84615384615384,25.62307692307693,25.615384615384617
1900-01-01 23:57:00,0.6538461538461539,125.1923076923077,171.19230769230768,25.607692307692318,25.46153846153846
1900-01-01 23:58:00,0.3333333333333333,125.07407407407408,171.25925925925927,25.603703703703715,24.88888888888889
1900-01-01 23:59:00,0.11538461538461539,124.84615384615384,171.03846153846155,25.573076923076933,25.576923076923077
1900-01-01 00:00:00,0.3076923076923077,125.34615384615384,171.15384615384616,25.52692307692308,25.53846153846154
1900-01-01 00:01:00,0.19230769230769232,124.76923076923077,170.96153846153845,25.546153846153853,26.192307692307693
1900-01-01 00:02:00,0.07407407407407407,124.77777777777777,170.85185185185185,25.529629629629632,27.333333333333332
1900-01-01 00:03:00,0.3076923076923077,125.0,171.73076923076923,25.576923076923087,29.115384615384617
1900-01-01 00:04:00,0.6153846153846154,125.03846153846153,171.46153846153845,25.52692307692308,27.23076923076923
1900-01-01 00:05:00,0.2692307692307692,124.84615384615384,170.65384615384616,25.5,27.192307692307693
1900-01-01 00:06:00,0.038461538461538464,125.07692307692308,170.42307692307693,25.496153846153845,28.384615384615383
1900-01-01 00:07:00,0.1111111111111111,125.33333333333333,171.44444444444446,25.518518518518523,28.88888888888889
1900-01-01 00:08:00,0.15384615384615385,125.26923076923077,172.03846153846155,25.580769230769242,30.26923076923077
1900-01-01 00:09:00,0.38461538461538464,124.61538461538461,171.42307692307693,25.580769230769242,28.76923076923077
1900-01-01 00:10:00,0.38461538461538464,124.5,171.1153846153846,25.573076923076933,28.384615384615383
1900-01-01 00:11:00,0.37037037037037035,125.18518518518519,171.11111111111111,25.592592592592602,26.814814814814813
1900-01-01 00:12:00,0.3076923076923077,124.73076923076923,170.80769230769232,25.57692307692308,27.307692307692307
1900-01-01 00:13:00,0.23076923076923078,124.8076923076923,170.42307692307693,25.53461538461539,27.076923076923077
1900-01-01 00:14:00,0.4230769230769231,124.57692307692308,170.73076923076923,25.538461538461544,27.884615384615383
1900-01-01 00:15:00,0.23076923076923078,124.6923076923077,171.5,25.503846153846155,25.884615384615383
1900-01-01 00:16:00,0.1111111111111111,125.22222222222223,171.88888888888889,25.488888888888887,25.925925925925927
1900-01-01 00:17:00,0.34615384615384615,125.1923076923077,170.76923076923077,25.473076923076917,25.76923076923077
1900-01-01 00:18:00,0.2692307692307692,125.61538461538461,171.19230769230768,25.442307692307683,27.96153846153846
1900-01-01 00:19:00,0.07692307692307693,124.92307692307692,171.30769230769232,25.426923076923067,27.23076923076923
1900-01-01 00:20:00,0.48148148148148145,125.5925925925926,171.07407407407408,25.385185185185176,25.74074074074074
1900-01-01 00:21:00,0.07692307692307693,124.96153846153847,171.57692307692307,25.392307692307686,26.076923076923077
1900-01-01 00:22:00,0.19230769230769232,124.88461538461539,171.23076923076923,25.415384615384603,27.615384615384617
1900-01-01 00:23:00,0.07692307692307693,124.92307692307692,170.73076923076923,25.423076923076913,26.53846153846154
1900-01-01 00:24:00,0.5185185185185185,125.55555555555556,171.55555555555554,25.414814814814804,27.185185185185187
1900-01-01 00:25:00,0.15384615384615385,125.1923076923077,172.34615384615384,25.396153846153837,27.46153846153846
1900-01-01 00:26:00,0.07692307692307693,125.15384615384616,171.57692307692307,25.346153846153843,26.384615384615383
1900-01-01 00:27:00,0.2692307692307692,125.1923076923077,171.80769230769232,25.34230769230768,25.46153846153846
1900-01-01 00:28:00,0.23076923076923078,125.76923076923077,171.26923076923077,25.311538461538458,26.192307692307693
1900-01-01 00:29:00,0.48148148148148145,125.33333333333333,170.96296296296296,25.329629629629622,26.555555555555557
1900-01-01 00:30:00,0.15384615384615385,125.34615384615384,171.53846153846155,25.32307692307692,26.653846153846153
1900-01-01 00:31:00,0.4230769230769231,125.0,171.42307692307693,25.307692307692303,26.53846153846154
1900-01-01 00:32:00,0.15384615384615385,125.15384615384616,171.76923076923077,25.307692307692303,26.423076923076923
1900-01-01 00:33:00,0.07407407407407407,125.5925925925926,171.85185185185185,25.3,25.85185185185185
1900-01-01 00:34:00,0.23076923076923078,124.8076923076923,171.8846153846154,25.28846153846154,26.76923076923077
1900-01-01 00:35:00,0.15384615384615385,125.38461538461539,172.23076923076923,25.23846153846154,27.03846153846154
1900-01-01 00:36:00,0.34615384615384615,125.92307692307692,172.03846153846155,25.161538461538473,26.53846153846154
1900-01-01 00:37:00,0.23076923076923078,125.65384615384616,172.53846153846155,25.17692307692308,27.5
1900-01-01 00:38:00,0.18518518518518517,125.25925925925925,170.96296296296296,25.148148148148156,26.88888888888889
1900-01-01 00:39:00,0.19230769230769232,125.53846153846153,172.30769230769232,25.246153846153845,26.923076923076923
1900-01-01 00:40:00,0.11538461538461539,125.0,171.80769230769232,25.234615384615385,26.03846153846154
1900-01-01 00:41:00,0.38461538461538464,125.6923076923077,171.8846153846154,25.269230769230766,26.653846153846153
1900-01-01 00:42:00,0.2222222222222222,125.03703703703704,170.85185185185185,25.262962962962956,27.296296296296298
1900-01-01 00:43:00,0.11538461538461539,125.88461538461539,172.15384615384616,25.238461538461554,26.0
1900-01-01 00:44:00,0.5769230769230769,125.5,171.80769230769232,25.153846153846157,26.73076923076923
1900-01-01 00:45:00,0.23076923076923078,125.6923076923077,172.1153846153846,25.169230769230783,27.153846153846153
1900-01-01 00:46:00,0.15384615384615385,125.26923076923077,171.5,25.096153846153854,27.0
1900-01-01 00:47:00,0.37037037037037035,125.70370370370371,171.8148148148148,25.100000000000016,26.85185185185185
1900-01-01 00:48:00,0.11538461538461539,126.34615384615384,172.3846153846154,25.092307692307706,26.96153846153846
1900-01-01 00:49:00,0.12,125.84,171.8,25.168000000000003,26.88
1900-01-01 00:50:00,0.0,125.26923076923077,171.76923076923077,25.17692307692308,26.076923076923077
1900-01-01 00:51:00,0.4230769230769231,125.46153846153847,171.69230769230768,25.11923076923078,26.807692307692307
1900-01-01 00:52:00,0.5185185185185185,125.96296296296296,171.8148148148148,25.096296296296305,27.074074074074073
1900-01-01 00:53:00,0.3076923076923077,125.65384615384616,171.53846153846155,25.103846153846163,28.307692307692307
1900-01-01 00:54:00,0.5,125.46153846153847,172.23076923076923,25.09615384615386,28.03846153846154
1900-01-01 00:55:00,0.15384615384615385,125.6923076923077,171.8846153846154,25.088461538461544,27.653846153846153
1900-01-01 00:56:00,0.3333333333333333,125.5925925925926,171.0,25.048148148148154,27.25925925925926
1900-01-01 00:57:00,0.23076923076923078,125.65384615384616,171.0,25.026923076923083,27.384615384615383
1900-01-01 00:58:00,0.34615384615384615,125.53846153846153,170.73076923076923,25.034615384615385,28.0
1900-01-01 00:59:00,0.3076923076923077,125.92307692307692,170.92307692307693,25.046153846153853,28.346153846153847
1900-01-01 01:00:00,0.19230769230769232,125.53846153846153,170.65384615384616,25.080769230769242,27.73076923076923
1900-01-01 01:01:00,0.14814814814814814,125.44444444444444,171.11111111111111,25.05185185185185,27.74074074074074
1900-01-01 01:02:00,0.3076923076923077,125.3076923076923,171.03846153846155,25.02692307692308,27.76923076923077
1900-01-01 01:03:00,0.0,125.46153846153847,170.96153846153845,25.050000000000008,28.192307692307693
1900-01-01 01:04:00,0.19230769230769232,125.61538461538461,171.19230769230768,25.050000000000008,28.423076923076923
1900-01-01 01:05:00,0.037037037037037035,125.5925925925926,170.77777777777777,25.011111111111113,28.0
1900-01-01 01:06:00,0.5384615384615384,125.65384615384616,170.92307692307693,25.015384615384615,27.884615384615383
1900-01-01 01:07:00,0.07692307692307693,126.15384615384616,170.92307692307693,25.02307692307693,28.0
1900-01-01 01:08:00,0.38461538461538464,125.84615384615384,171.03846153846155,25.034615384615392,28.192307692307693
1900-01-01 01:09:00,0.2222222222222222,125.81481481481481,171.37037037037038,25.029629629629632,28.62962962962963
1900-01-01 01:10:00,0.46153846153846156,125.76923076923077,171.1153846153846,25.023076923076925,28.26923076923077
1900-01-01 01:11:00,0.23076923076923078,126.07692307692308,170.96153846153845,25.00769230769231,28.0
1900-01-01 01:12:00,0.23076923076923078,125.88461538461539,171.15384615384616,24.969230769230762,28.153846153846153
1900-01-01 01:13:00,0.34615384615384615,125.3076923076923,171.19230769230768,24.961538461538456,28.423076923076923
1900-01-01 01:14:00,0.4444444444444444,125.85185185185185,171.14814814814815,24.970370370370368,29.296296296296298
1900-01-01 01:15:00,0.19230769230769232,125.88461538461539,171.07692307692307,24.98076923076923,28.53846153846154
1900-01-01 01:16:00,0.0,125.42307692307692,170.65384615384616,24.98461538461538,29.115384615384617
1900-01-01 01:17:00,0.38461538461538464,125.65384615384616,171.23076923076923,24.996153846153845,30.76923076923077
1900-01-01 01:18:00,0.2962962962962963,125.74074074074075,171.1851851851852,25.00740740740741,29.962962962962962
1900-01-01 01:19:00,0.6153846153846154,125.57692307692308,171.23076923076923,25.00769230769231,28.653846153846153
1900-01-01 01:20:00,0.23076923076923078,125.84615384615384,171.26923076923077,25.02692307692308,28.384615384615383
1900-01-01 01:21:00,0.5769230769230769,125.5,171.03846153846155,24.98461538461538,28.73076923076923
1900-01-01 01:22:00,0.23076923076923078,125.53846153846153,170.84615384615384,24.969230769230762,28.653846153846153
1900-01-01 01:23:00,0.14814814814814814,125.62962962962963,171.14814814814815,24.959259259259255,28.62962962962963
1900-01-01 01:24:00,0.11538461538461539,125.84615384615384,171.46153846153845,24.942307692307686,28.26923076923077
1900-01-01 01:25:00,0.46153846153846156,126.23076923076923,171.53846153846155,24.888461538461527,27.5
1900-01-01 01:26:00,0.11538461538461539,125.76923076923077,171.15384615384616,24.892307692307682,28.192307692307693
1900-01-01 01:27:00,0.3333333333333333,125.85185185185185,171.2962962962963,24.870370370370363,28.444444444444443
1900-01-01 01:28:00,0.19230769230769232,126.07692307692308,171.07692307692307,24.853846153846145,28.423076923076923
1900-01-01 01:29:00,0.15384615384615385,126.15384615384616,171.3846153846154,24.819230769230767,27.73076923076923
1900-01-01 01:30:00,0.11538461538461539,126.03846153846153,171.34615384615384,24.792307692307688,27.846153846153847
1900-01-01 01:31:00,0.07407407407407407,126.07407407407408,171.40740740740742,24.78148148148148,28.666666666666668
1900-01-01 01:32:00,0.2692307692307692,125.61538461538461,171.0,24.799999999999994,28.153846153846153
1900-01-01 01:33:00,0.2692307692307692,126.38461538461539,171.30769230769232,24.78461538461538,28.846153846153847
1900-01-01 01:34:00,0.46153846153846156,126.23076923076923,171.07692307692307,24.784615384615385,28.76923076923077
1900-01-01 01:35:00,0.38461538461538464,125.96153846153847,171.15384615384616,24.753846153846162,28.653846153846153
1900-01-01 01:36:00,0.2222222222222222,126.25925925925925,171.74074074074073,24.670370370370378,28.703703703703702
1900-01-01 01:37:00,0.2692307692307692,126.42307692307692,171.3846153846154,24.680769230769233,28.615384615384617
1900-01-01 01:38:00,0.2692307692307692,126.1923076923077,171.42307692307693,24.723076923076924,28.153846153846153
1900-01-01 01:39:00,0.19230769230769232,125.96153846153847,171.26923076923077,24.734615384615388,28.307692307692307
1900-01-01 01:40:00,0.18518518518518517,126.07407407407408,171.77777777777777,24.73333333333334,28.48148148148148
1900-01-01 01:41:00,0.4230769230769231,126.0,171.5,24.71153846153846,28.46153846153846
1900-01-01 01:42:00,0.46153846153846156,125.88461538461539,171.34615384615384,24.70384615384616,28.807692307692307
1900-01-01 01:43:00,0.19230769230769232,125.92307692307692,171.57692307692307,24.680769230769236,28.923076923076923
1900-01-01 01:44:00,0.3076923076923077,126.15384615384616,172.19230769230768,24.653846153846164,28.692307692307693
1900-01-01 01:45:00,0.25925925925925924,126.18518518518519,171.96296296296296,24.688888888888894,28.14814814814815
1900-01-01 01:46:00,0.34615384615384615,126.0,173.19230769230768,24.669230769230776,28.923076923076923
1900-01-01 01:47:00,0.23076923076923078,126.07692307692308,172.5,24.680769230769236,28.26923076923077
1900-01-01 01:48:00,0.34615384615384615,125.88461538461539,171.76923076923077,24.65769230769232,28.23076923076923
1900-01-01 01:49:00,0.2222222222222222,126.70370370370371,173.22222222222223,24.588888888888896,28.37037037037037
1900-01-01 01:50:00,0.15384615384615385,126.73076923076923,173.03846153846155,24.530769230769234,28.884615384615383
1900-01-01 01:51:00,0.11538461538461539,125.88461538461539,171.53846153846155,24.511538461538464,28.692307692307693
1900-01-01 01:52:00,0.34615384615384615,126.46153846153847,172.69230769230768,24.523076923076925,28.53846153846154
1900-01-01 01:53:00,0.1111111111111111,126.74074074074075,172.77777777777777,24.477777777777774,29.0
1900-01-01 01:54:00,0.11538461538461539,126.26923076923077,172.8846153846154,24.496153846153845,29.0
1900-01-01 01:55:00,0.3076923076923077,125.76923076923077,172.92307692307693,24.511538461538464,28.26923076923077
1900-01-01 01:56:00,0.4230769230769231,126.26923076923077,173.03846153846155,24.534615384615392,28.73076923076923
1900-01-01 01:57:00,0.19230769230769232,125.96153846153847,172.26923076923077,24.56923076923078,28.846153846153847
1900-01-01 01:58:00,0.07407407407407407,126.5925925925926,172.77777777777777,24.503703703703703,28.77777777777778
1900-01-01 01:59:00,0.2692307692307692,126.26923076923077,171.23076923076923,24.4576923076923,28.846153846153847
1900-01-01 02:00:00,0.2692307692307692,126.73076923076923,172.23076923076923,24.411538461538456,28.96153846153846
1900-01-01 02:01:00,0.15384615384615385,126.88461538461539,172.3846153846154,24.40384615384614,28.846153846153847
1900-01-01 02:02:00,0.14814814814814814,126.07407407407408,173.07407407407408,24.422222222222214,28.62962962962963
1900-01-01 02:03:00,0.2692307692307692,125.96153846153847,172.57692307692307,24.47307692307692,28.0
1900-01-01 02:04:00,0.038461538461538464,126.3076923076923,172.92307692307693,24.503846153846155,28.153846153846153
1900-01-01 02:05:00,0.23076923076923078,126.23076923076923,173.19230769230768,24.53461538461539,28.26923076923077
1900-01-01 02:06:00,0.23076923076923078,126.26923076923077,172.26923076923077,24.530769230769234,28.653846153846153
1900-01-01 02:07:00,0.14814814814814814,126.4074074074074,172.4814814814815,24.440740740740726,28.962962962962962
1900-01-01 02:08:00,0.2692307692307692,126.0,172.92307692307693,24.376923076923067,28.46153846153846
1900-01-01 02:09:00,0.3076923076923077,126.73076923076923,172.80769230769232,24.37692307692307,28.576923076923077
1900-01-01 02:10:00,0.19230769230769232,126.0,172.5,24.32307692307692,28.53846153846154
1900-01-01 02:11:00,0.4444444444444444,126.29629629629629,172.59259259259258,24.307407407407407,29.88888888888889
1900-01-01 02:12:00,0.19230769230769232,126.26923076923077,173.1153846153846,24.369230769230757,29.307692307692307
1900-01-01 02:13:00,0.38461538461538464,126.46153846153847,172.23076923076923,24.423076923076913,28.653846153846153
1900-01-01 02:14:00,0.0,126.23076923076923,172.3846153846154,24.39999999999999,28.03846153846154
1900-01-01 02:15:00,0.3076923076923077,126.65384615384616,171.92307692307693,24.39999999999999,28.615384615384617
1900-01-01 02:16:00,0.5925925925925926,126.51851851851852,172.14814814814815,24.344444444444438,29.0
1900-01-01 02:17:00,0.46153846153846156,126.23076923076923,172.15384615384616,24.299999999999997,29.346153846153847
1900-01-01 02:18:00,0.038461538461538464,126.42307692307692,171.92307692307693,24.299999999999997,28.5
1900-01-01 02:19:00,0.2692307692307692,127.11538461538461,172.15384615384616,24.299999999999997,28.192307692307693
1900-01-01 02:20:00,0.07407407407407407,126.88888888888889,172.1851851851852,24.299999999999997,28.555555555555557
1900-01-01 02:21:00,0.19230769230769232,126.53846153846153,172.0,24.299999999999997,28.53846153846154
1900-01-01 02:22:00,0.11538461538461539,126.65384615384616,172.34615384615384,24.299999999999997,29.0
1900-01-01 02:23:00,0.19230769230769232,127.11538461538461,172.57692307692307,24.299999999999997,29.115384615384617
1900-01-01 02:24:00,0.2222222222222222,126.62962962962963,172.03703703703704,24.299999999999997,29.59259259259259
1900-01-01 02:25:00,0.07692307692307693,126.26923076923077,171.76923076923077,24.299999999999997,29.384615384615383
1900-01-01 02:26:00,0.19230769230769232,126.46153846153847,172.03846153846155,24.29615384615385,29.0
1900-01-01 02:27:00,0.15384615384615385,126.53846153846153,172.46153846153845,24.288461538461544,29.0
1900-01-01 02:28:00,0.19230769230769232,126.53846153846153,172.34615384615384,24.269230769230774,29.923076923076923
1900-01-01 02:29:00,0.2962962962962963,126.4074074074074,172.44444444444446,24.251851851851853,30.14814814814815
1900-01-01 02:30:00,0.3076923076923077,125.96153846153847,172.0,24.21923076923077,29.423076923076923
1900-01-01 02:31:00,0.4230769230769231,126.6923076923077,172.53846153846155,24.230769230769234,29.576923076923077
1900-01-01 02:32:00,0.4230769230769231,126.84615384615384,172.42307692307693,24.192307692307697,29.0
1900-01-01 02:33:00,0.18518518518518517,127.81481481481481,173.0,24.21111111111111,29.0
1900-01-01 02:34:00,0.23076923076923078,126.96153846153847,172.53846153846155,24.21538461538462,28.923076923076923
1900-01-01 02:35:00,0.2692307692307692,126.65384615384616,172.15384615384616,24.180769230769233,29.0
1900-01-01 02:36:00,0.3076923076923077,127.11538461538461,172.69230769230768,24.11153846153847,29.0
1900-01-01 02:37:00,0.2692307692307692,126.34615384615384,172.19230769230768,24.13076923076924,29.346153846153847
1900-01-01 02:38:00,0.18518518518518517,127.11111111111111,173.11111111111111,24.125925925925937,30.14814814814815
1900-01-01 02:39:00,0.38461538461538464,126.3076923076923,173.3846153846154,24.142307692307703,29.5
1900-01-01 02:40:00,0.46153846153846156,126.38461538461539,173.3846153846154,24.165384615384614,29.53846153846154
1900-01-01 02:41:00,0.5769230769230769,126.8076923076923,173.73076923076923,24.207692307692305,30.192307692307693
1900-01-01 02:42:00,0.25925925925925924,126.55555555555556,173.66666666666666,24.203703703703702,29.185185185185187
1900-01-01 02:43:00,0.2692307692307692,126.92307692307692,172.6153846153846,24.230769230769223,28.423076923076923
1900-01-01 02:44:00,0.2692307692307692,126.61538461538461,172.96153846153845,24.257692307692313,29.0
1900-01-01 02:45:00,0.19230769230769232,127.03846153846153,173.15384615384616,24.273076923076925,29.692307692307693
1900-01-01 02:46:00,0.037037037037037035,126.77777777777777,172.2962962962963,24.285185185185178,30.25925925925926
1900-01-01 02:47:00,0.3076923076923077,126.42307692307692,172.5,24.273076923076925,30.076923076923077
1900-01-01 02:48:00,0.23076923076923078,126.6923076923077,172.57692307692307,24.28076923076923,30.423076923076923
1900-01-01 02:49:00,0.3076923076923077,126.23076923076923,173.15384615384616,24.292307692307688,32.5
1900-01-01 02:50:00,0.23076923076923078,126.84615384615384,173.19230769230768,24.299999999999997,31.076923076923077
1900-01-01 02:51:00,0.18518518518518517,126.33333333333333,172.74074074074073,24.299999999999997,29.444444444444443
1900-01-01 02:52:00,0.11538461538461539,126.88461538461539,172.53846153846155,24.307692307692303,29.153846153846153
1900-01-01 02:53:00,0.5384615384615384,126.42307692307692,171.84615384615384,24.3576923076923,30.576923076923077
1900-01-01 02:54:00,0.038461538461538464,126.61538461538461,172.73076923076923,24.39999999999999,30.076923076923077
1900-01-01 02:55:00,0.18518518518518517,125.96296296296296,172.40740740740742,24.40370370370369,29.74074074074074
1900-01-01 02:56:00,0.19230769230769232,126.57692307692308,173.26923076923077,24.39999999999999,30.692307692307693
1900-01-01 02:57:00,0.2692307692307692,125.84615384615384,172.3846153846154,24.41153846153845,30.0
1900-01-01 02:58:00,0.0,126.26923076923077,173.42307692307693,24.39999999999999,29.46153846153846
1900-01-01 02:59:00,0.23076923076923078,126.23076923076923,173.3846153846154,24.419230769230765,34.57692307692308
1900-01-01 03:00:00,0.3333333333333333,126.07407407407408,172.77777777777777,24.425925925925917,33.925925925925924
1900-01-01 03:01:00,0.23076923076923078,126.73076923076923,172.84615384615384,24.484615384615385,34.15384615384615
1900-01-01 03:02:00,0.2692307692307692,126.3076923076923,172.92307692307693,24.473076923076917,33.07692307692308
1900-01-01 03:03:00,0.11538461538461539,126.53846153846153,173.07692307692307,24.496153846153845,33.92307692307692
1900-01-01 03:04:00,0.25925925925925924,125.96296296296296,172.14814814814815,24.459259259259255,30.62962962962963
1900-01-01 03:05:00,0.11538461538461539,126.38461538461539,172.34615384615384,24.446153846153837,31.115384615384617
1900-01-01 03:06:00,0.19230769230769232,126.5,172.6153846153846,24.449999999999996,31.5
1900-01-01 03:07:00,0.19230769230769232,126.34615384615384,172.92307692307693,24.44615384615384,31.692307692307693
1900-01-01 03:08:00,0.07407407407407407,126.48148148148148,172.62962962962962,24.451851851851846,33.0
1900-01-01 03:09:00,0.38461538461538464,126.92307692307692,173.0,24.48076923076923,33.23076923076923
1900-01-01 03:10:00,0.038461538461538464,126.07692307692308,172.1153846153846,24.48461538461538,30.923076923076923
1900-01-01 03:11:00,0.07692307692307693,125.8076923076923,172.57692307692307,24.48461538461538,29.0
1900-01-01 03:12:00,0.19230769230769232,126.03846153846153,172.5,24.38076923076922,30.153846153846153
1900-01-01 03:13:00,0.2222222222222222,126.4074074074074,172.0,24.411111111111104,29.925925925925927
1900-01-01 03:14:00,0.11538461538461539,126.61538461538461,172.53846153846155,24.384615384615376,29.076923076923077
1900-01-01 03:15:00,0.11538461538461539,126.65384615384616,173.15384615384616,24.376923076923067,29.5
1900-01-01 03:16:00,0.15384615384615385,126.26923076923077,172.42307692307693,24.396153846153837,30.46153846153846
1900-01-01 03:17:00,0.14814814814814814,126.07407407407408,172.4814814814815,24.388888888888875,28.296296296296298
1900-01-01 03:18:00,0.0,126.84615384615384,173.03846153846155,24.311538461538458,28.153846153846153
1900-01-01 03:19:00,0.11538461538461539,126.5,172.96153846153845,24.299999999999997,28.692307692307693
1900-01-01 03:20:00,0.15384615384615385,127.03846153846153,172.96153846153845,24.176923076923078,28.423076923076923
1900-01-01 03:21:00,0.11538461538461539,126.88461538461539,173.6153846153846,24.042307692307695,28.46153846153846
1900-01-01 03:22:00,0.037037037037037035,126.66666666666667,173.14814814814815,24.00740740740741,28.962962962962962
1900-01-01 03:23:00,0.6923076923076923,126.76923076923077,173.15384615384616,23.919230769230754,29.0
1900-01-01 03:24:00,0.15384615384615385,127.42307692307692,173.19230769230768,23.773076923076932,29.692307692307693
1900-01-01 03:25:00,0.15384615384615385,127.73076923076923,173.34615384615384,23.653846153846157,31.0
1900-01-01 03:26:00,0.37037037037037035,127.70370370370371,174.0,23.588888888888896,32.148148148148145
1900-01-01 03:27:00,0.23076923076923078,127.23076923076923,173.65384615384616,23.56153846153847,33.15384615384615
1900-01-01 03:28:00,0.34615384615384615,128.34615384615384,174.23076923076923,23.46923076923076,34.0
1900-01-01 03:29:00,0.3076923076923077,127.65384615384616,174.0,23.30000000000001,35.03846153846154
1900-01-01 03:30:00,0.46153846153846156,128.03846153846155,174.46153846153845,23.107692307692314,36.42307692307692
1900-01-01 03:31:00,0.48148148148148145,127.81481481481481,174.03703703703704,23.10000000000001,36.74074074074074
1900-01-01 03:32:00,0.34615384615384615,128.23076923076923,174.34615384615384,23.103846153846163,36.5
1900-01-01 03:33:00,0.11538461538461539,127.8076923076923,173.92307692307693,23.138461538461545,36.88461538461539
1900-01-01 03:34:00,0.15384615384615385,127.84615384615384,174.0,23.1423076923077,36.65384615384615
1900-01-01 03:35:00,0.5384615384615384,127.88461538461539,176.0,23.16538461538462,36.42307692307692
1900-01-01 03:36:00,0.3076923076923077,127.76923076923077,173.92307692307693,23.207692307692305,36.34615384615385
1900-01-01 03:37:00,0.23076923076923078,127.76923076923077,173.57692307692307,23.21538461538461,35.0
1900-01-01 03:38:00,0.14814814814814814,128.03703703703704,173.2962962962963,23.20370370370371,34.407407407407405
1900-01-01 03:39:00,0.23076923076923078,127.53846153846153,173.53846153846155,23.173076923076923,34.0
1900-01-01 03:40:00,0.2692307692307692,127.46153846153847,174.5,23.165384615384617,34.15384615384615
1900-01-01 03:41:00,0.34615384615384615,127.5,174.23076923076923,23.15769230769231,33.96153846153846
1900-01-01 03:42:00,0.037037037037037035,128.11111111111111,173.25925925925927,23.06666666666667,33.0
1900-01-01 03:43:00,0.34615384615384615,127.8076923076923,173.53846153846155,23.02692307692308,34.03846153846154
1900-01-01 03:44:00,0.23076923076923078,127.6923076923077,174.3846153846154,22.949999999999996,33.76923076923077
1900-01-01 03:45:00,0.5,127.88461538461539,173.92307692307693,22.93846153846153,34.0
1900-01-01 03:46:00,0.38461538461538464,128.0,174.0,22.84230769230769,33.46153846153846
1900-01-01 03:47:00,0.2222222222222222,128.62962962962962,174.14814814814815,22.8,33.96296296296296
1900-01-01 03:48:00,0.2692307692307692,127.84615384615384,174.07692307692307,22.800000000000004,34.0
1900-01-01 03:49:00,0.3076923076923077,128.07692307692307,174.5,22.807692307692307,34.19230769230769
1900-01-01 03:50:00,0.34615384615384615,128.0,174.03846153846155,22.803846153846152,35.0
1900-01-01 03:51:00,0.14814814814814814,127.92592592592592,174.59259259259258,22.818518518518516,35.03703703703704
1900-01-01 03:52:00,0.07692307692307693,128.34615384615384,174.6153846153846,22.88461538461538,36.0
1900-01-01 03:53:00,0.46153846153846156,127.6923076923077,173.76923076923077,22.94615384615384,36.0
1900-01-01 03:54:00,0.23076923076923078,127.92307692307692,173.65384615384616,22.980769230769226,35.84615384615385
1900-01-01 03:55:00,0.34615384615384615,128.19230769230768,173.69230769230768,22.97307692307692,35.73076923076923
1900-01-01 03:56:00,0.4444444444444444,127.70370370370371,173.22222222222223,22.96296296296296,35.370370370370374
1900-01-01 03:57:00,0.07692307692307693,127.73076923076923,173.80769230769232,22.996153846153845,35.34615384615385
1900-01-01 03:58:00,0.2692307692307692,128.1153846153846,174.15384615384616,22.988461538461536,34.38461538461539
1900-01-01 03:59:00,0.5,127.92307692307692,174.92307692307693,22.899999999999995,33.57692307692308
1900-01-01 04:00:00,0.37037037037037035,128.07407407407408,174.0,22.833333333333332,33.370370370370374
1900-01-01 04:01:00,0.34615384615384615,128.23076923076923,173.6153846153846,22.838461538461537,34.0
1900-01-01 04:02:00,0.6923076923076923,128.19230769230768,174.53846153846155,22.861538461538455,33.96153846153846
1900-01-01 04:03:00,0.34615384615384615,127.8076923076923,173.8846153846154,22.942307692307686,33.57692307692308
1900-01-01 04:04:00,0.4074074074074074,128.62962962962962,175.07407407407408,22.94444444444444,33.0
1900-01-01 04:05:00,0.23076923076923078,127.84615384615384,174.6153846153846,22.896153846153837,33.03846153846154
1900-01-01 04:06:00,0.34615384615384615,128.26923076923077,174.3846153846154,22.826923076923077,33.0
1900-01-01 04:07:00,0.07692307692307693,127.5,173.65384615384616,22.792307692307702,33.0
1900-01-01 04:08:00,0.15384615384615385,127.92307692307692,173.65384615384616,22.75384615384615,33.0
1900-01-01 04:09:00,0.4444444444444444,128.4814814814815,174.11111111111111,22.722222222222225,33.25925925925926
1900-01-01 04:10:00,0.6153846153846154,128.57692307692307,173.76923076923077,22.7076923076923,33.76923076923077
1900-01-01 04:11:00,0.4230769230769231,128.23076923076923,173.6153846153846,22.71538461538461,34.34615384615385
1900-01-01 04:12:00,0.38461538461538464,127.96153846153847,173.46153846153845,22.77692307692308,34.96153846153846
1900-01-01 04:13:00,0.037037037037037035,128.4814814814815,173.37037037037038,22.725925925925928,35.074074074074076
1900-01-01 04:14:00,0.34615384615384615,128.30769230769232,173.5,22.72307692307692,35.30769230769231
1900-01-01 04:15:00,0.2692307692307692,128.30769230769232,173.73076923076923,22.761538461538464,36.0
1900-01-01 04:16:00,0.15384615384615385,128.26923076923077,173.46153846153845,22.79615384615385,36.23076923076923
1900-01-01 04:17:00,0.19230769230769232,128.34615384615384,174.19230769230768,22.800000000000004,36.80769230769231
1900-01-01 04:18:00,0.2222222222222222,128.4814814814815,175.11111111111111,22.840740740740735,36.0
1900-01-01 04:19:00,0.11538461538461539,128.15384615384616,174.57692307692307,22.87692307692307,36.0
1900-01-01 04:20:00,0.38461538461538464,128.23076923076923,173.65384615384616,22.903846153846146,36.19230769230769
1900-01-01 04:21:00,0.23076923076923078,127.96153846153847,173.30769230769232,22.942307692307686,36.34615384615385
1900-01-01 04:22:00,0.48148148148148145,128.37037037037038,173.92592592592592,22.96296296296296,36.370370370370374
1900-01-01 04:23:00,0.34615384615384615,128.03846153846155,174.65384615384616,22.93846153846153,35.76923076923077
1900-01-01 04:24:00,0.6153846153846154,128.57692307692307,175.46153846153845,22.86153846153845,35.76923076923077
1900-01-01 04:25:00,0.19230769230769232,128.6153846153846,175.84615384615384,22.78461538461539,35.53846153846154
1900-01-01 04:26:00,0.4074074074074074,128.1851851851852,174.88888888888889,22.700000000000003,36.074074074074076
1900-01-01 04:27:00,0.3076923076923077,128.30769230769232,174.6153846153846,22.680769230769233,37.0
1900-01-01 04:28:00,0.15384615384615385,128.57692307692307,175.57692307692307,22.692307692307693,37.0
1900-01-01 04:29:00,0.2692307692307692,128.19230769230768,174.73076923076923,22.65769230769231,37.0
1900-01-01 04:30:00,0.15384615384615385,128.57692307692307,174.65384615384616,22.63076923076924,37.73076923076923
1900-01-01 04:31:00,0.4074074074074074,128.8148148148148,174.77777777777777,22.677777777777777,38.0
1900-01-01 04:32:00,0.6923076923076923,128.19230769230768,174.42307692307693,22.650000000000002,38.0
1900-01-01 04:33:00,0.3076923076923077,128.07692307692307,174.53846153846155,22.63846153846155,38.0
1900-01-01 04:34:00,0.6923076923076923,128.34615384615384,175.57692307692307,22.60000000000001,38.0
1900-01-01 04:35:00,0.48148148148148145,127.74074074074075,174.92592592592592,22.60000000000001,38.03703703703704
1900-01-01 04:36:00,0.23076923076923078,128.6153846153846,175.57692307692307,22.573076923076933,38.0
1900-01-01 04:37:00,0.19230769230769232,128.42307692307693,175.8846153846154,22.584615384615397,38.0
1900-01-01 04:38:00,0.3076923076923077,128.69230769230768,175.03846153846155,22.63461538461539,38.0
1900-01-01 04:39:00,0.15384615384615385,128.6153846153846,175.15384615384616,22.615384615384624,37.23076923076923
1900-01-01 04:40:00,0.07407407407407407,128.8148148148148,174.7037037037037,22.614814814814824,37.81481481481482
1900-01-01 04:41:00,0.038461538461538464,128.76923076923077,175.0,22.603846153846163,37.92307692307692
1900-01-01 04:42:00,0.23076923076923078,128.46153846153845,174.84615384615384,22.584615384615397,38.0
1900-01-01 04:43:00,0.23076923076923078,128.30769230769232,175.15384615384616,22.5923076923077,38.46153846153846
1900-01-01 04:44:00,0.2962962962962963,128.66666666666666,175.5185185185185,22.592592592592602,38.96296296296296
1900-01-01 04:45:00,0.38461538461538464,128.57692307692307,174.1153846153846,22.60000000000001,39.0
1900-01-01 04:46:00,0.5,128.0,173.96153846153845,22.58461538461539,39.07692307692308
1900-01-01 04:47:00,0.4230769230769231,128.84615384615384,174.46153846153845,22.58846153846155,38.84615384615385
1900-01-01 04:48:00,0.5555555555555556,128.59259259259258,174.22222222222223,22.555555555555564,38.0
1900-01-01 04:49:00,0.038461538461538464,128.34615384615384,174.03846153846155,22.546153846153853,38.0
1900-01-01 04:50:00,0.6153846153846154,128.23076923076923,175.26923076923077,22.557692307692314,37.30769230769231
1900-01-01 04:51:00,0.3076923076923077,128.76923076923077,174.84615384615384,22.53461538461539,36.38461538461539
1900-01-01 04:52:00,0.2692307692307692,128.69230769230768,174.69230769230768,22.519230769230774,36.26923076923077
1900-01-01 04:53:00,0.37037037037037035,128.2962962962963,174.40740740740742,22.54444444444445,36.111111111111114
1900-01-01 04:54:00,0.15384615384615385,128.6153846153846,173.84615384615384,22.534615384615385,35.38461538461539
1900-01-01 04:55:00,0.038461538461538464,128.69230769230768,175.0,22.523076923076925,35.69230769230769
1900-01-01 04:56:00,0.11538461538461539,128.46153846153845,174.0,22.469230769230766,35.73076923076923
1900-01-01 04:57:00,0.2222222222222222,129.0,174.8148148148148,22.470370370370368,35.888888888888886
1900-01-01 04:58:00,0.34615384615384615,128.57692307692307,175.53846153846155,22.392307692307686,35.0
1900-01-01 04:59:00,0.11538461538461539,128.1153846153846,174.3846153846154,22.361538461538455,35.0
1900-01-01 05:00:00,0.11538461538461539,128.84615384615384,175.23076923076923,22.34230769230769,35.0
1900-01-01 05:01:00,0.5769230769230769,128.57692307692307,174.84615384615384,22.300000000000004,35.0
1900-01-01 05:02:00,0.2962962962962963,129.11111111111111,175.14814814814815,22.3037037037037,35.18518518518518
1900-01-01 05:03:00,0.07692307692307693,128.73076923076923,174.15384615384616,22.300000000000004,36.23076923076923
1900-01-01 05:04:00,0.23076923076923078,128.84615384615384,175.0,22.300000000000004,37.0
1900-01-01 05:05:00,0.5769230769230769,129.03846153846155,175.57692307692307,22.300000000000004,37.69230769230769
1900-01-01 05:06:00,0.14814814814814814,128.66666666666666,174.7037037037037,22.3,37.96296296296296
1900-01-01 05:07:00,0.038461538461538464,128.6153846153846,174.30769230769232,22.300000000000004,38.0
1900-01-01 05:08:00,0.5,129.19230769230768,174.96153846153845,22.31153846153846,38.69230769230769
1900-01-01 05:09:00,0.5384615384615384,128.69230769230768,174.30769230769232,22.323076923076922,38.69230769230769
1900-01-01 05:10:00,0.48148148148148145,128.44444444444446,174.14814814814815,22.325925925925926,38.0
1900-01-01 05:11:00,0.38461538461538464,129.03846153846155,175.53846153846155,22.319230769230767,37.73076923076923
1900-01-01 05:12:00,0.2692307692307692,128.19230769230768,174.34615384615384,22.300000000000004,37.57692307692308
1900-01-01 05:13:00,0.23076923076923078,128.80769230769232,174.46153846153845,22.307692307692307,37.0
1900-01-01 05:14:00,0.19230769230769232,127.96153846153847,174.80769230769232,22.330769230769228,37.15384615384615
1900-01-01 05:15:00,0.1111111111111111,128.5185185185185,174.77777777777777,22.381481481481472,37.925925925925924
1900-01-01 05:16:00,0.38461538461538464,128.34615384615384,175.1153846153846,22.434615384615377,37.76923076923077
1900-01-01 05:17:00,0.3076923076923077,128.80769230769232,175.42307692307693,22.457692307692305,36.73076923076923
1900-01-01 05:18:00,0.23076923076923078,128.53846153846155,173.92307692307693,22.469230769230766,36.84615384615385
1900-01-01 05:19:00,0.6538461538461539,128.76923076923077,175.0,22.52307692307693,37.0
1900-01-01 05:20:00,0.2222222222222222,128.07407407407408,174.2962962962963,22.522222222222222,36.111111111111114
1900-01-01 05:21:00,0.46153846153846156,128.5,174.23076923076923,22.480769230769226,35.69230769230769
1900-01-01 05:22:00,0.23076923076923078,128.57692307692307,174.34615384615384,22.43076923076922,36.0
1900-01-01 05:23:00,0.23076923076923078,128.73076923076923,174.57692307692307,22.41153846153845,36.34615384615385
1900-01-01 05:24:00,0.2222222222222222,128.14814814814815,174.22222222222223,22.414814814814807,35.851851851851855
1900-01-01 05:25:00,0.07692307692307693,128.76923076923077,174.92307692307693,22.442307692307686,35.5
1900-01-01 05:26:00,0.23076923076923078,128.3846153846154,174.34615384615384,22.426923076923067,35.03846153846154
1900-01-01 05:27:00,0.23076923076923078,129.0,175.23076923076923,22.476923076923075,35.92307692307692
1900-01-01 05:28:00,0.34615384615384615,128.42307692307693,174.57692307692307,22.51923076923077,36.0
1900-01-01 05:29:00,0.4074074074074074,128.5185185185185,175.62962962962962,22.50740740740741,35.7037037037037
1900-01-01 05:30:00,0.11538461538461539,128.03846153846155,175.42307692307693,22.473076923076917,35.0
1900-01-01 05:31:00,0.34615384615384615,128.34615384615384,174.73076923076923,22.41153846153845,35.23076923076923
1900-01-01 05:32:00,0.3076923076923077,128.8846153846154,175.0,22.411538461538456,35.0
1900-01-01 05:33:00,0.0,128.55555555555554,175.11111111111111,22.455555555555552,35.074074074074076
1900-01-01 05:34:00,0.38461538461538464,128.6153846153846,175.34615384615384,22.476923076923075,35.73076923076923
1900-01-01 05:35:00,0.23076923076923078,128.5,174.73076923076923,22.5,35.88461538461539
1900-01-01 05:36:00,0.19230769230769232,128.57692307692307,174.1153846153846,22.43076923076922,35.15384615384615
1900-01-01 05:37:00,0.2962962962962963,128.37037037037038,174.4814814814815,22.32222222222222,35.77777777777778
1900-01-01 05:38:00,0.23076923076923078,128.30769230769232,175.26923076923077,22.319230769230767,35.84615384615385
1900-01-01 05:39:00,0.46153846153846156,128.80769230769232,175.1153846153846,22.365384615384606,35.15384615384615
1900-01-01 05:40:00,0.38461538461538464,128.26923076923077,174.84615384615384,22.403846153846146,35.42307692307692
1900-01-01 05:41:00,0.07692307692307693,128.69230769230768,174.3846153846154,22.403846153846146,35.0
1900-01-01 05:42:00,0.2222222222222222,128.88888888888889,174.59259259259258,22.459259259259255,35.407407407407405
1900-01-01 05:43:00,0.07692307692307693,128.76923076923077,175.3846153846154,22.403846153846146,35.46153846153846
1900-01-01 05:44:00,0.11538461538461539,128.3846153846154,174.26923076923077,22.407692307692294,35.26923076923077
1900-01-01 05:45:00,0.038461538461538464,128.96153846153845,174.96153846153845,22.388461538461534,35.5
1900-01-01 05:46:00,0.2222222222222222,128.7037037037037,174.37037037037038,22.36666666666666,35.96296296296296
1900-01-01 05:47:00,0.2692307692307692,128.76923076923077,175.0,22.38076923076922,35.15384615384615
1900-01-01 05:48:00,0.38461538461538464,128.42307692307693,175.30769230769232,22.41538461538461,36.0
1900-01-01 05:49:00,0.038461538461538464,128.65384615384616,174.65384615384616,22.4576923076923,35.76923076923077
1900-01-01 05:50:00,0.23076923076923078,128.19230769230768,174.15384615384616,22.50769230769231,36.0
1900-01-01 05:51:00,0.38461538461538464,128.53846153846155,175.46153846153845,22.503846153846155,35.23076923076923
1900-01-01 05:52:00,0.5925925925925926,128.1851851851852,174.14814814814815,22.50740740740741,35.0
1900-01-01 05:53:00,0.4230769230769231,128.73076923076923,174.96153846153845,22.496153846153845,35.26923076923077
1900-01-01 05:54:00,0.38461538461538464,128.42307692307693,174.30769230769232,22.51923076923077,36.03846153846154
1900-01-01 05:55:00,0.19230769230769232,128.53846153846155,174.8846153846154,22.523076923076925,35.92307692307692
1900-01-01 05:56:00,0.5925925925925926,128.4814814814815,174.40740740740742,22.53703703703704,35.0
1900-01-01 05:57:00,0.19230769230769232,128.03846153846155,174.0,22.573076923076933,35.0
1900-01-01 05:58:00,0.3076923076923077,128.23076923076923,174.69230769230768,22.603846153846163,35.5
1900-01-01 05:59:00,0.0,128.42307692307693,174.69230769230768,22.603846153846163,35.0
1900-01-01 06:00:00,0.15384615384615385,128.30769230769232,174.73076923076923,22.615384615384624,35.0
1900-01-01 06:01:00,0.3333333333333333,128.7037037037037,174.62962962962962,22.60000000000001,35.0
1900-01-01 06:02:00,0.34615384615384615,128.46153846153845,174.1153846153846,22.596153846153854,35.0
1900-01-01 06:03:00,0.23076923076923078,128.30769230769232,174.34615384615384,22.61153846153847,35.07692307692308
1900-01-01 06:04:00,0.0,128.5,173.80769230769232,22.55384615384616,35.0
1900-01-01 06:05:00,0.37037037037037035,128.1851851851852,174.66666666666666,22.518518518518523,35.0
1900-01-01 06:06:00,0.19230769230769232,128.69230769230768,174.84615384615384,22.4576923076923,34.76923076923077
1900-01-01 06:07:00,0.07692307692307693,129.07692307692307,174.73076923076923,22.4576923076923,35.42307692307692
1900-01-01 06:08:00,0.15384615384615385,128.5,175.3846153846154,22.488461538461536,35.15384615384615
1900-01-01 06:09:00,0.46153846153846156,128.23076923076923,174.92307692307693,22.50769230769231,35.57692307692308
1900-01-01 06:10:00,0.2222222222222222,128.7037037037037,174.1851851851852,22.555555555555564,35.148148148148145
1900-01-01 06:11:00,0.4230769230769231,128.26923076923077,173.96153846153845,22.592307692307706,35.0
1900-01-01 06:12:00,0.11538461538461539,128.03846153846155,174.8846153846154,22.619230769230775,35.0
1900-01-01 06:13:00,0.3076923076923077,128.73076923076923,175.19230769230768,22.615384615384624,34.84615384615385
1900-01-01 06:14:00,0.25925925925925924,128.44444444444446,174.7037037037037,22.603703703703715,34.925925925925924
1900-01-01 06:15:00,0.34615384615384615,128.07692307692307,174.53846153846155,22.634615384615394,35.0
1900-01-01 06:16:00,0.5,128.96153846153845,174.1153846153846,22.650000000000002,34.69230769230769
1900-01-01 06:17:00,0.0,128.57692307692307,174.5,22.576923076923087,34.53846153846154
1900-01-01 06:18:00,0.3076923076923077,128.30769230769232,175.03846153846155,22.573076923076933,35.0
1900-01-01 06:19:00,0.48148148148148145,128.74074074074073,174.77777777777777,22.581481481481493,35.333333333333336
1900-01-01 06:20:00,0.23076923076923078,128.30769230769232,174.57692307692307,22.57692307692308,35.34615384615385
1900-01-01 06:21:00,0.23076923076923078,127.92307692307692,174.19230769230768,22.58846153846155,35.42307692307692
1900-01-01 06:22:00,0.46153846153846156,128.26923076923077,174.30769230769232,22.588461538461544,35.03846153846154
1900-01-01 06:23:00,0.4074074074074074,128.37037037037038,174.55555555555554,22.577777777777786,35.666666666666664
1900-01-01 06:24:00,0.46153846153846156,128.46153846153845,174.65384615384616,22.573076923076933,35.96153846153846
1900-01-01 06:25:00,0.2692307692307692,128.3846153846154,174.69230769230768,22.596153846153854,35.07692307692308
1900-01-01 06:26:00,0.8076923076923077,128.03846153846155,174.26923076923077,22.61923076923078,35.76923076923077
1900-01-01 06:27:00,0.14814814814814814,128.5185185185185,173.92592592592592,22.577777777777783,34.851851851851855
1900-01-01 06:28:00,0.4230769230769231,128.34615384615384,174.65384615384616,22.473076923076917,34.65384615384615
1900-01-01 06:29:00,0.38461538461538464,129.07692307692307,174.76923076923077,22.484615384615385,35.96153846153846
1900-01-01 06:30:00,0.3076923076923077,128.57692307692307,174.46153846153845,22.49230769230769,36.0
1900-01-01 06:31:00,0.4230769230769231,128.65384615384616,174.03846153846155,22.56153846153847,35.34615384615385
1900-01-01 06:32:00,1.1111111111111112,128.96296296296296,174.59259259259258,22.592592592592602,35.0
1900-01-01 06:33:00,0.7692307692307693,129.15384615384616,174.26923076923077,22.55384615384616,35.0
1900-01-01 06:34:00,1.2307692307692308,129.46153846153845,174.46153846153845,22.550000000000004,35.42307692307692
1900-01-01 06:35:00,1.9615384615384615,129.8846153846154,174.46153846153845,22.580769230769235,35.19230769230769
1900-01-01 06:36:00,3.037037037037037,130.62962962962962,175.07407407407408,22.592592592592602,35.03703703703704
1900-01-01 06:37:00,3.3076923076923075,131.19230769230768,175.57692307692307,22.515384615384615,35.19230769230769
1900-01-01 06:38:00,5.6923076923076925,132.15384615384616,176.26923076923077,22.47692307692307,35.19230769230769
1900-01-01 06:39:00,6.846153846153846,133.53846153846155,177.80769230769232,22.426923076923067,35.53846153846154
1900-01-01 06:40:00,9.76923076923077,135.26923076923077,178.84615384615384,22.47307692307692,35.65384615384615
1900-01-01 06:41:00,13.148148148148149,136.44444444444446,180.33333333333334,22.433333333333326,35.18518518518518
1900-01-01 06:42:00,16.153846153846153,139.34615384615384,181.57692307692307,22.430769230769222,35.23076923076923
1900-01-01 06:43:00,20.307692307692307,141.53846153846155,182.92307692307693,22.442307692307683,35.46153846153846
1900-01-01 06:44:00,25.5,144.34615384615384,185.80769230769232,22.473076923076924,36.0
1900-01-01 06:45:00,30.62962962962963,147.1851851851852,187.88888888888889,22.503703703703703,35.96296296296296
1900-01-01 06:46:00,36.19230769230769,150.73076923076923,190.3846153846154,22.52307692307693,36.15384615384615
1900-01-01 06:47:00,40.285714285714285,153.14285714285714,191.28571428571428,22.514285714285712,36.0
