,TimeStamp,Light,Moisture 1,Moisture 2,Temp,Humidity
123,21:42:00,0.00437733506669946,0.0,0.009274228680407004,0.16203439021031096,0.5276413030015275
1192,16:26:00,0.6220515207945376,0.8353184449958644,0.6828847140545447,0.26786540858109265,0.10806261572125904
462,03:21:00,0.00011638733705772815,0.0,0.014243004302008918,0.07233398611358287,0.5312236997138526
351,01:30:00,0.00015518311607697082,0.0,0.01104609859099337,0.0974363539255828,0.4872917017337148
1057,14:11:00,0.7460816263190566,1.0,0.8421971819868177,0.2627381164322591,0.05352634236660486
665,06:44:00,0.02415147043322441,0.017812943801988224,0.04260046274335172,0.029825227325403162,0.6802361587052554
1324,18:38:00,0.09276070763500932,0.08693134822167076,0.09287800449934867,0.2212925048958515,0.23531392021545186
527,04:26:00,0.0002474145907264912,0.0,0.01776915108860866,0.0457029032485613,0.6777589694892859
70,20:49:00,0.00395863345162386,0.0,0.0099712479549261,0.1719906886439747,0.5464679410428965
554,04:53:00,0.0002474145907264912,0.0,0.016418676244227826,0.03794747078444427,0.6921266669419097
332,01:11:00,0.00032976412166356304,0.0,0.010912894186367705,0.10304432971336974,0.4448746002356504
836,10:30:00,0.7048876934041428,0.9769016328156112,0.8346160424149136,0.1406642533578616,0.5037685387794797
1185,16:19:00,0.6398199875853506,0.8610421836228288,0.7047302364131507,0.26957450596403765,0.10503282275711157
938,12:12:00,0.7681363082511438,1.0,0.8972122455960323,0.20227879651059288,0.31509846827133475
310,00:49:00,0.0003362300848334368,0.0,0.011076570186822787,0.10948486213071627,0.4108636890204657
1431,07:34:00,0.5837565600135433,0.8052785923753665,0.6952283222165212,0.05167430041918164,0.6301969365426694
218,23:17:00,0.006653476101800128,0.0,0.014731420452302968,0.13359444543350518,0.5165797003871402
78,20:57:00,0.0040347610180012415,0.0,0.010513280972490824,0.17039344846003213,0.5584918363911797
270,00:09:00,0.0002521725636250776,0.0,0.01042447803607377,0.12131030799359033,0.443359703753577
51,20:30:00,0.004286933581626319,0.0,0.008737222244148857,0.17621506142068774,0.5382932166301968
67,20:46:00,0.0043839230291744255,0.0,0.010246872163239606,0.17140822503115505,0.528193906749705
370,01:49:00,0.00014943559325930524,0.0,0.01547802291773559,0.0919075030166362,0.4546559688791633
1167,16:01:00,0.6943280571073865,0.9403639371381308,0.7710660299167225,0.27726544418728816,0.07877461706783367
629,06:08:00,0.00019397889509621354,0.0,0.018905158463906613,0.03003382588570347,0.6716041070526846
76,20:55:00,0.0043012075003220785,0.0,0.011365286503964293,0.17073305094709135,0.5573675735931627
344,01:23:00,0.00011207669494447893,0.0,0.012656062938258994,0.10101082032718156,0.485290542183321
184,22:43:00,0.0038407821229050282,0.0,0.011534514741287529,0.14817518248175174,0.4635583235145597
1172,16:06:00,0.6738438857852266,0.9116625310173698,0.7495757193037851,0.27096314758768025,0.12119171856589794
1216,16:50:00,0.5445375543140906,0.7211745244003309,0.5865335280419939,0.2578244614562933,0.12624137350614367
864,10:58:00,0.7213299193047796,0.9961124896608768,0.847880569917512,0.16083318497418564,0.4696179094428548
163,22:22:00,0.0040347610180012415,0.0,0.012192996892455676,0.15469817031182231,0.4850336484868502
1100,14:54:00,0.6964230291744258,0.9460711331679073,0.7808343529226036,0.25547445255474466,0.06968523817539124
1301,18:15:00,0.20627715704531344,0.24317617866004965,0.21249555985317908,0.2284493501869327,0.15552937215956908
737,08:51:00,0.6409450651769087,0.8929693961952031,0.7713324387259739,0.06800783336300475,0.7039218986702576
966,12:40:00,0.8781812538795779,1.0,1.0,0.30140644472138123,0.11816192560175047
865,10:59:00,0.7215626939788949,0.9971050454921426,0.8469925405533414,0.162115008011394,0.4645682545026088
44,20:23:00,0.004015363128491621,0.0,0.009580850140111395,0.1780843866832833,0.5398081131122705
198,22:57:00,0.00019031891594345482,0.0,0.008402954587258149,0.13913490381288607,0.4929606539779529
1321,18:35:00,0.110451582867784,0.10901571546732836,0.10859612424517501,0.22043795620437934,0.21814509341861632
1141,15:35:00,0.7027855369335816,0.9550041356492972,0.7859849232347951,0.26305857219156104,0.05352634236660486
1204,16:38:00,0.581827482355105,0.7778574273197929,0.6331452026680351,0.2596759836211503,0.10406029662047173
1247,17:21:00,0.4543761638733706,0.5915632754342435,0.4816572601334018,0.2461812355349834,0.10705268473320984
1225,16:59:00,0.5179236499068901,0.6828784119106701,0.5538540474405023,0.25344489941249737,0.10806261572125904
1305,18:19:00,0.1919615145872129,0.2225806451612904,0.1964222283616844,0.2277016200818939,0.1959266116815349
1383,19:37:00,0.0002327746741154563,0.0,0.004252673955085495,0.20591062844935004,0.3423666049486617
339,01:18:00,0.0002428328390463711,0.0,0.011031298101590536,0.1024508931220699,0.4638949671772428
29,20:08:00,0.003879577901924271,0.0,0.010557682440699323,0.17974007477301068,0.5605116983672782
886,11:20:00,0.7335117939168219,1.0,0.8620890397442471,0.1716218622040233,0.443359703753577
1005,13:19:00,0.835156734947238,1.0,0.8180427832813671,0.4813957628627379,0.07877461706783367
382,02:01:00,0.0002521725636250776,0.0,0.01220053676441568,0.09108064803275684,0.4797172193233462
651,06:30:00,0.0004655493482309126,0.0,0.01806153056794396,0.029339505073882614,0.6862481063793975
49,20:28:00,0.0040929546865301055,0.0,0.009136835458025794,0.1760014242478195,0.5428379060764181
1354,19:08:00,0.00031036623215394165,0.0,0.0008781623712357245,0.2099697347338434,0.3797340515064804
613,05:52:00,0.0004948291814529824,0.0,0.017420641451349028,0.034174557693793184,0.6505098881136202
746,09:00:00,0.648737269236959,0.9037037037037036,0.7823670258252098,0.06876347595592712,0.6914660831509845
816,10:10:00,0.6978196772191185,0.9696443341604633,0.8305639973161779,0.12131030799359087,0.5483925265106886
415,02:34:00,0.00029096834264432026,0.0,0.01215613529620718,0.08354993768915797,0.5185995623632385
1339,18:53:00,0.0111731843575419,0.0,0.01286655878754378,0.21338792949973284,0.27066150479717216
752,09:06:00,0.6560754189944134,0.9140612076095948,0.7905138729920671,0.0768737760370305,0.6604948661841437
814,10:08:00,0.6966313768765664,0.9695738749502189,0.8339319309047373,0.11340573259747155,0.534889375151957
964,12:38:00,0.8695685909373061,1.0,1.0,0.25931992166636963,0.10806261572125904
808,10:02:00,0.6951815642458101,0.9660876757650954,0.8297647708884237,0.11863984333274015,0.5049654940245749
887,11:21:00,0.7350248292985724,1.0,0.8637762955361725,0.1715150436175893,0.4272008079447904
826,10:20:00,0.7017380509000621,0.9740281224152192,0.8348265382641986,0.1263307815559903,0.5211243898333613
247,23:46:00,0.0038407821229050282,0.0,0.013488179342463602,0.124995549225565,0.4448746002356504
1065,14:19:00,0.7318435754189943,0.9971877584780812,0.8244365947033983,0.26337902795086304,0.07473489311563714
882,11:16:00,0.7302917442582247,1.0,0.8580041046690609,0.17001958340751255,0.4312405318969871
1291,18:05:00,0.2791356300434512,0.3488006617038875,0.29597032008525104,0.2312266334342179,0.13937047635078265
1164,15:58:00,0.7032812607766054,0.9551573078454804,0.7842483324781937,0.2773683065297801,0.12837345003646974
1226,17:00:00,0.5153286433547141,0.6771007566706495,0.5513083632632121,0.2524756196467069,0.10308777048383172
1255,17:29:00,0.4356765983860955,0.5657568238213402,0.4631862493586456,0.2434039522876981,0.09190371991247263
1049,14:03:00,0.7545003103662322,1.0,0.8509886726921103,0.2631653907779952,0.044436963474162594
192,22:51:00,0.00036160594029256406,0.0,0.007531680494109238,0.14149297449454268,0.4374716155402337
1208,16:42:00,0.5697231993011012,0.7577857427319794,0.6188643748931075,0.25504717820900824,0.10503282275711157
900,11:34:00,0.7499224084419618,1.0,0.8805600505190034,0.18102189781021905,0.4090220501599057
845,10:39:00,0.7105662459479964,0.9837514934289128,0.8388917393535145,0.1498190018396537,0.5066861171893993
101,21:20:00,0.004167984259161661,0.0,0.010929649457389893,0.1639208467556369,0.5103009784897401
1236,17:10:00,0.4804081315952825,0.6270471464019853,0.5085645498677822,0.2505607975787781,0.12119171856589794
566,05:05:00,0.0003235421571038732,0.0,0.01833547924915541,0.032026093294950216,0.7173939969447998
1387,06:50:00,0.05342178770949721,0.053349875930521096,0.07138769388641114,0.02709631475876806,0.6382763844470625
607,05:46:00,0.00017128702434910926,0.0,0.01728995033737668,0.03244530586057792,0.6688410883117952
802,09:56:00,0.6914183736809435,0.9605459057071964,0.824258988830564,0.11543528573971852,0.5696010772597204
289,00:28:00,0.00015518311607697082,0.0,0.010202470695031052,0.11671710877692698,0.4044773607136844
599,05:38:00,0.00029096834264432026,0.0,0.01837234084540396,0.028965640021363592,0.6781686584750042
730,08:44:00,0.6359016139044072,0.884863523573201,0.7656490507952796,0.060530532312622176,0.7231105874431911
354,01:33:00,0.0004461514587212912,0.0,0.010779689781742152,0.09716930745949737,0.4731526679010266
1384,19:38:00,0.00015518311607697082,0.0,0.0041638710186683294,0.2047356239985758,0.3655950176737924
231,23:30:00,0.003937771570453135,0.0,0.014420610174843198,0.1309773900658716,0.4736576333950511
297,00:36:00,0.00029096834264432026,0.0,0.010779689781742152,0.11260459319921635,0.3984177747853897
993,13:07:00,0.9977110490378648,1.0,0.8972550025654182,0.904824639487271,0.31509846827133475
828,10:22:00,0.7030183116076973,0.9761786600496278,0.8369578087382088,0.12782624176606705,0.5332435616899511
1426,07:29:00,0.5813159528243327,0.8037220843672455,0.6952283222165212,0.04589638597115875,0.6493856253156032
1031,13:45:00,0.7648975791433892,1.0,0.8659075660101827,0.2634858465372971,0.07473489311563714
1334,18:48:00,0.030335425431638963,0.015531660692951088,0.035830340345476434,0.21657666211698645,0.31412594213469475
1116,15:10:00,0.6662787088764742,0.9025641025641024,0.742382681454,0.2573971871105575,0.08281434102003021
497,03:56:00,0.0002664464823208367,0.0,0.014196927306698191,0.05392994984900945,0.6133520498740761
590,05:29:00,0.00022838269913214571,0.0,0.018901807409702043,0.0317116838707292,0.6846950992940009
43,20:22:00,0.004189944134078211,0.0,0.009225638394443014,0.17803097739006601,0.5352634236660496
594,05:33:00,0.00015225513275476382,0.0,0.01816122443052559,0.02930121161836818,0.6837042236076128
358,01:37:00,0.00021337678460583488,0.0,0.01100169712278487,0.09487270785116576,0.4701228749368792
1091,14:45:00,0.7016216635630044,0.9535980148883374,0.7848304850613728,0.2583585543884639,0.0777646860797846
220,23:19:00,0.005880854502652753,0.0,0.01572165696970873,0.13305632161128056,0.4959332810371164
1163,15:57:00,0.7053460583488517,0.9566583953680724,0.7857185144255436,0.27726544418728816,0.07069516916344049
1352,19:06:00,7.759155803848541e-05,0.0,0.004430279827919714,0.2103970090795793,0.35145598384110416
649,06:28:00,0.0004187016150756005,0.0,0.018074097021210656,0.029406014759775227,0.657446017918335
638,06:17:00,0.00031036623215394165,0.0,0.0172623041401902,0.03136905821612923,0.6786736239690287
453,03:12:00,0.00011638733705772815,0.0,0.012333741169041346,0.08023856150970242,0.535768389160074
1018,13:32:00,0.7829376163873372,1.0,0.8721237715593797,0.2936086879116959,0.020198619760983028
168,22:27:00,0.004364525139664804,0.0,0.01575265422109945,0.1518070144205087,0.4731526679010266
869,11:03:00,0.7238128491620112,1.0,0.8515214903106127,0.16606729570945322,0.44638949671772415
1191,16:25:00,0.6236033519553074,0.83697270471464,0.6854599992106407,0.26786540858109265,0.09594344386466913
439,02:58:00,0.00019397889509621354,0.0,0.013843391088132095,0.08077265444187243,0.522639286315435
65,20:44:00,0.0040347610180012415,0.0,0.010868492718159206,0.1735445967598359,0.543847837064467
237,23:36:00,0.0038254102104634405,0.0,0.014153363602040725,0.12802577082374544,0.4553073778952148
622,06:01:00,0.00028547837391518216,0.0,0.017028568109432096,0.035379793819973686,0.6445646339952935
532,04:31:00,0.0002474145907264912,0.0,0.018117660725868068,0.046698533091927175,0.7069898022377274
619,05:58:00,0.00036855990068280565,0.0,0.018017129099735636,0.03548157379383998,0.6529203837737749
239,23:38:00,0.003976567349472378,0.0,0.014020996960966037,0.12649100943564173,0.4524490826460191
486,03:45:00,0.00038063783188690964,0.0,0.015242456218476919,0.05466357183885828,0.5880847198711858
309,00:48:00,7.759155803848541e-05,0.0,0.011934127955164351,0.10865230550115734,0.3958929473152668
528,04:27:00,0.0004655493482309126,0.0,0.017040296799147536,0.04600320455759277,0.6943275542837903
115,21:34:00,0.0042675356921166975,0.0,0.009136835458025794,0.16227523589104442,0.5751556976939907
374,01:53:00,0.0001307561441018921,0.0,0.01274157687703098,0.08979882499554903,0.4716751762703621
711,08:25:00,0.6229222705014139,0.8674631620868178,0.7522661193774585,0.04736810871758368,0.7945538536348162
208,23:07:00,3.879577901924271e-05,0.0,0.007893594348186483,0.13631831938757333,0.4782023228412725
591,05:30:00,0.00017458100558659218,0.0,0.019082764336740776,0.029873598006052268,0.6716041070526846
909,11:43:00,0.7438314711359404,1.0,0.867150807120022,0.18326508812533332,0.3777141895303822
1047,14:01:00,0.7578755431409061,1.0,0.8542743813395428,0.26551539967954396,0.05352634236660486
32,20:11:00,0.0040347610180012415,0.0,0.009192748417992173,0.17959764999109795,0.5655239484561145
605,05:44:00,0.00017128702434910926,0.0,0.016636494767514998,0.03286451842620597,0.6653730234094382
461,03:20:00,9.698944754810676e-05,0.0,0.013754588151714877,0.07372262773722628,0.5307187342198283
471,03:30:00,0.0004461514587212912,0.0,0.015441843943639788,0.059195299982196414,0.6241373506143746
933,12:07:00,0.7657898820608319,1.0,0.8983206378024233,0.19480149546020986,0.32317791617572794
715,08:29:00,0.6249396510104145,0.8691358024691358,0.7531212587651788,0.04942535556742434,0.7828835399951372
353,01:32:00,0.0003879577901924272,0.0,0.010602083908907987,0.09818408403062118,0.48577680525164096
432,02:51:00,0.00014943559325930524,0.0,0.013169146570891022,0.08136411291120238,0.5295404814004376
277,00:16:00,0.0002988711865186105,0.0,0.011458867795450687,0.11793167566712134,0.4001945052273276
233,23:32:00,0.0040347610180012415,0.0,0.01302070728094723,0.13096025878314174,0.4434168696585606
367,01:46:00,0.00036855990068280565,0.0,0.013443777874254936,0.09278974541570216,0.4686079784548056
1414,07:17:00,0.37146958410924896,0.4953680727874275,0.4296187393929826,0.028057682036674247,0.6564551422319473
767,09:21:00,0.6671322160148976,0.9309346567411084,0.8048111457552196,0.07698059462346463,0.6211075576502267
1217,16:51:00,0.5430115870060005,0.7192353643966549,0.5861980502821961,0.2557672146064527,0.12448334548991002
588,05:27:00,0.0002474145907264912,0.0,0.018248351839840467,0.032969321567613015,0.6846950992940009
1175,16:09:00,0.6689556176288021,0.9036393713813068,0.742293878517583,0.27085632900124645,0.08382427200807946
381,02:00:00,0.00029096834264432026,0.0,0.011712120614121524,0.09059996439380424,0.4761824608651743
614,05:53:00,0.0003235421571038732,0.0,0.018509734067785225,0.0340173529816824,0.6564551422319473
261,00:00:00,0.00029096834264432026,0.0,0.010557682440699323,0.12264554032401652,0.40346742972563504
701,08:15:00,0.6124301675977655,0.8538461538461539,0.7407842285984922,0.03820544774790791,0.7968355495707793
63,20:42:00,0.004244111825539043,0.0,0.010319757592185673,0.17335312948226544,0.5216960488832005
244,23:43:00,0.003879577901924271,0.0,0.012822157319335392,0.12601032579668858,0.4100319811479545
1378,19:32:00,3.735889831482631e-05,0.0,0.0035915854284248594,0.2075247759776866,0.3646973012399707
889,11:23:00,0.7353739913097453,1.0,0.8641315072818408,0.1741855082784406,0.443359703753577
660,06:39:00,0.006832449082370028,0.0,0.025828436450235692,0.02930121161836785,0.6752817802733164
203,23:02:00,0.00027157045313469893,0.0,0.009580850140111395,0.13893537475520726,0.4893115637098133
940,12:14:00,0.7719584109248914,1.0,0.9008959229585192,0.2032401637884994,0.2504628850361892
1133,15:27:00,0.6934357541899444,0.9429280397022332,0.7779038560208391,0.25867901014776584,0.07877461706783367
371,01:50:00,0.0003491620111731843,0.0,0.011223704463827644,0.0909204201531062,0.4630533580205353
30,20:09:00,0.0043257293606455615,0.0,0.009270039862651512,0.1790457539611895,0.566571284295573
56,20:35:00,0.0043839230291744255,0.0,0.009847258949362614,0.17461278262417668,0.5302137687258035
1155,15:49:00,0.7107530404395708,0.9679012345679012,0.7979305626817172,0.2720194647201949,0.07877461706783367
756,09:10:00,0.6602265673494724,0.9200992555831264,0.7945100051308362,0.07911696635214482,0.6766537619929305
350,01:29:00,0.00011638733705772815,0.0,0.012067332359789962,0.09759658180523334,0.4877966672277394
477,03:36:00,0.00030451026550952764,0.0,0.014719691762587585,0.05827928021739925,0.6247471202675363
1007,13:21:00,0.8243240913166426,1.0,0.8331623054557893,0.4369077997349316,0.05251641137855578
1273,17:47:00,0.35556331471135944,0.4542597187758477,0.3769585980976437,0.2377425672066936,0.13432082141053692
771,09:25:00,0.6736111111111109,0.941025641025641,0.8152898922524372,0.07281466975253681,0.6332267295068166
438,02:57:00,0.00015518311607697082,0.0,0.012688952914709785,0.08061242656222145,0.5317286652078772
240,23:39:00,0.003898975791433893,0.0,0.013621383747089431,0.1263841908492075,0.430230600908938
493,03:52:00,0.00017458100558659218,0.0,0.01584145715751667,0.052625956916502965,0.6170678336980304
783,09:37:00,0.6797825137365796,0.9471923536439666,0.8164015734564736,0.09005598085177946,0.6301969365426694
1368,19:22:00,7.759155803848541e-05,0.0,0.0015885858625726,0.20911518604237106,0.3342871570442685
1027,13:41:00,0.7680400372439479,1.0,0.8665291865651024,0.2663699483710161,0.08887392694832519
99,21:18:00,0.0043012075003220785,0.0,0.011234595389991995,0.16166757921538655,0.4855290863300442
1000,13:14:00,0.9978274363749224,1.0,0.9090657931088921,0.7111625422823564,0.1979464736576334
1099,14:53:00,0.698556797020484,0.95136476426799,0.7860737261712121,0.25504717820900824,0.04847668742635925
936,12:10:00,0.7680788330229673,1.0,0.8890851324150453,0.19928787609043952,0.32620770913987546
570,05:09:00,0.0003996697234812551,0.0,0.01689787699545975,0.032235699577764176,0.7233392510631269
1151,15:45:00,0.7098937857783295,0.9614496216646752,0.7924576706003081,0.2730480881451152,0.08363724775103326
1371,19:25:00,0.00027157045313469893,0.0,0.0017661917354067638,0.20836745593733266,0.3534758458172024
682,07:56:00,0.6658907510862819,0.9360628618693134,0.8187532067727039,0.035107708741320964,0.8382427200807941
1006,13:20:00,0.8289882060831779,1.0,0.8239037770848959,0.4640911518604236,0.06867530718734216
571,05:10:00,0.0003996697234812551,0.0,0.017028568109432096,0.03181648701213602,0.7114487428264726
275,00:14:00,0.00032976412166356304,0.0,0.00904803252160874,0.11874666191917373,0.4282107389328395
303,00:42:00,0.00022838269913214571,0.0,0.010581139820130314,0.11440136244083787,0.41369059906692535
1110,15:04:00,0.6628962916982781,0.896614894464357,0.7382418334188472,0.2562815263189129,0.0680768295647945
1405,07:08:00,0.2408441961514588,0.3096774193548387,0.2748352212179815,0.02741677051807001,0.6473657633395047
677,07:51:00,0.6707014276846679,0.9474772539288672,0.8310968149346805,0.026241766067295558,0.9018683723278909
596,05:35:00,0.0003879577901924272,0.0,0.018461143781821118,0.030354281645005525,0.6852381753913483
1022,13:36:00,0.7751784605834885,1.0,0.8734558156056358,0.2692540502047356,0.03938730853391687
874,11:08:00,0.7266061452513966,1.0,0.8525871255476183,0.17194231796332549,0.5120350109409189
447,03:06:00,0.00017458100558659218,0.0,0.014198602833800531,0.07868969200640885,0.5559670089210571
755,09:09:00,0.6589736073752211,0.9184388689765032,0.7930562681717119,0.08048978300001952,0.6885485047410647
908,11:42:00,0.7485257603972688,1.0,0.8760311007617321,0.18305145095246533,0.4504292206699207
316,00:55:00,0.0002327746741154563,0.0,0.011623317677704529,0.1090261705536767,0.4155866015822252
58,20:37:00,0.004248137802607076,0.0,0.009980463353988169,0.1741855082784406,0.5443528025584916
1113,15:07:00,0.6623215394165115,0.8963606286186934,0.7383865493152306,0.25590172690048063,0.07877461706783367
1413,07:16:00,0.3469894475481068,0.4617866004962778,0.4024450408493508,0.02730995193163599,0.6564551422319473
944,12:18:00,0.7797563625077589,1.0,0.9133283340569128,0.2038810753071032,0.2635919878808281
23,20:02:00,0.004464388348621744,0.0,0.008380365999657913,0.1816548968409392,0.5436421103817164
107,21:26:00,0.0040929546865301055,0.0,0.010824091249950709,0.1615275057860065,0.4827470122874938
411,02:30:00,0.0002521725636250776,0.0,0.01188972648695602,0.08269538899768547,0.5236492173034841
1310,18:24:00,0.1733395406579764,0.19685690653432605,0.17688558234992308,0.2247106996617405,0.1959266116815349
513,04:12:00,0.00022838269913214571,0.0,0.015460274741764146,0.04963302105132339,0.6178109904628213
1098,14:52:00,0.700457790192427,0.9516956162117454,0.7863401349804633,0.25643581983265096,0.02827806766537616
1422,07:25:00,0.526536312849162,0.7196029776674937,0.6208114614989937,0.04205091685953333,0.6574650732199965
274,00:13:00,0.00017458100558659218,0.0,0.009358842799068571,0.11847961545308815,0.417101498064299
941,12:15:00,0.7740145872129109,1.0,0.905336069779374,0.20334698237493345,0.2736912977613197
811,10:05:00,0.6947160148975791,0.9674937965260546,0.8330504795358564,0.11169663521452697,0.5079952869887223
1102,14:56:00,0.6869180633147114,0.9334987593052112,0.7690235623791293,0.2584653729748977,0.07877461706783367
522,04:21:00,0.00022838269913214571,0.0,0.014763255467244997,0.04889939906147457,0.6678502126254076
1040,13:54:00,0.7583798882681563,1.0,0.8549848048308797,0.26455403240163744,0.04342703248611335
1211,16:45:00,0.5593187461204221,0.7435070306038047,0.6062477799265895,0.2568630941783873,0.10402289176906247
818,10:12:00,0.6994490999379267,0.9711331679073616,0.8320736472352681,0.1266512373152925,0.5251641137855578
1277,17:51:00,0.32832867783985104,0.4172043010752688,0.3478312349528358,0.2351789211322767,0.13129102844638946
380,01:59:00,0.0002521725636250776,0.0,0.010779689781742152,0.09070678298023882,0.4837569432755429
196,22:55:00,0.00011638733705772815,0.0,0.009092433989817295,0.1395228769805943,0.4812321158054199
428,02:47:00,0.00017458100558659218,0.0,0.012511347041875507,0.080879473028307,0.5352634236660496
128,21:47:00,0.004674891371818746,0.0,0.010202470695031052,0.15864340395228815,0.5059754250126239
1202,16:36:00,0.5893854748603352,0.7881720430107528,0.6439890279038559,0.2598540145985402,0.07978454805588275
81,21:00:00,0.004072824801189932,0.0,0.011670232436566452,0.16863698811895145,0.5578630114363567
1342,18:56:00,0.00396004322137159,0.0,0.016162134427911756,0.21297648012976456,0.27522489666909794
346,01:25:00,0.0005431409062693979,0.0,0.01246694557366712,0.0981840840306204,0.4862817707456656
1253,17:27:00,0.43179702048417146,0.5604631927212571,0.4575916643643687,0.2435107708741323,0.10604275374516063
796,09:50:00,0.6878146768742671,0.9555555555555556,0.8220454934154269,0.10641109330801324,0.6019936785801119
838,10:32:00,0.7072858472998138,0.980893300248139,0.8380234439752141,0.14181947658892624,0.5241541827975087
111,21:30:00,0.003957169459962756,0.0,0.009403244267277013,0.1589638597115901,0.5059754250126239
1219,16:53:00,0.5356921166977033,0.708271298593879,0.5768540079725302,0.2557949083140466,0.10503282275711157
1281,17:55:00,0.3170649699979309,0.4015133412982875,0.33530015392508977,0.23478329673807666,0.12448334548991002
894,11:28:00,0.7382491895992825,1.0,0.8692491876175816,0.17347734061282227,0.3695599319231703
1394,06:57:00,0.11872657884451805,0.13691756272401426,0.1388746365657602,0.02494411805431917,0.6642353513250667
999,13:13:00,0.9973618870266916,1.0,0.9029383904961124,0.7718354993768912,0.2514728160242383
873,11:07:00,0.7254034761018003,1.0,0.8533863519753719,0.17140822503115516,0.4776973573472478
1084,14:38:00,0.6976400671310666,0.9480684986061328,0.7839062767231058,0.2557672146064527,0.04376367614879645
666,06:45:00,0.029290081163697686,0.023899371069182385,0.04695683320909605,0.03040164460314143,0.6797407208620616
175,22:34:00,0.0038407821229050282,0.0,0.012244938232624292,0.1483354103614024,0.4913314256859113
342,01:21:00,0.0005819366852886405,0.0,0.01215613529620718,0.10101477657112334,0.4731526679010266
624,06:03:00,0.00032976412166356304,0.0,0.017573114417650082,0.035161118034537815,0.6503955563036525
141,22:00:00,0.00437733506669946,0.0,0.01153954132259416,0.1528117137664965,0.5197142975104247
967,12:41:00,0.8964267650642574,1.0,1.0,0.3669614068403457,0.04376367614879645
1089,14:43:00,0.6984016139044071,0.9490488006617036,0.7836760468879505,0.25547445255474466,0.07271503113953875
464,03:23:00,0.0005899886394247099,0.0,0.013761290260123682,0.0678687676561377,0.5316048057470789
962,12:36:00,0.8609947237740534,1.0,1.0,0.24137439914545145,0.17269819895640456
1039,13:53:00,0.7605912476722531,1.0,0.8562280459407194,0.2673313156489225,0.0848342029961286
1125,15:19:00,0.6817970204841713,0.9252274607113318,0.7628961597663497,0.2631653907779949,0.06766537619929297
965,12:39:00,0.8731378026070764,1.0,1.0,0.2695745059640373,0.12422151153004544
1112,15:06:00,0.6626707014276847,0.8962779156327539,0.7382089434423964,0.2553676339683104,0.055546204342703236
839,10:33:00,0.7088376784605834,0.9815550041356492,0.8388226704029678,0.14384902973117308,0.5019357010604271
1307,18:21:00,0.1918005839483182,0.22301871764237352,0.19599794766546927,0.2273772080786499,0.2372963773401409
1421,07:24:00,0.5143544382371197,0.7008271298593879,0.6021628448514031,0.04119636816806116,0.6564551422319473
946,12:20:00,0.7853429546865301,1.0,0.917146860322848,0.20900836745593687,0.2514728160242383
481,03:40:00,0.00036160594029256406,0.0,0.01550383844642156,0.05675963466699808,0.5880847198711858
1066,14:20:00,0.7303305400372437,0.9948717948717948,0.8220389154201366,0.26337902795086304,0.07372496212758789
535,04:34:00,0.0004948291814529824,0.0,0.01833547924915541,0.039833927329770535,0.7109533049832788
259,23:58:00,0.0035970275113312955,0.0,0.014806819171902352,0.12357163731394948,0.3973411502415257
548,04:47:00,0.00038063783188690964,0.0,0.017159259223404392,0.04056754931961948,0.7193757483175753
1357,19:11:00,3.879577901924271e-05,0.0,0.0038086592730000603,0.2096492789745411,0.3322672950681703
1428,07:31:00,0.5886483550589696,0.8145574855252271,0.7030429806212259,0.05038276660138842,0.6604948661841437
429,02:48:00,0.00013578522656734946,0.0,0.012955361723961,0.08066583585543874,0.5322336307019021
780,09:34:00,0.6753957169459963,0.9409429280397024,0.8116489718593359,0.08905109489051087,0.6402962464231612
617,05:56:00,0.0005519248562360188,0.0,0.0180305333165533,0.035432195390677323,0.644069196152099
621,06:00:00,0.00021337678460583488,0.0,0.017395508544815863,0.035374755207406065,0.6453459013634066
1243,17:17:00,0.4641843115617169,0.6062126642771803,0.4944415939798185,0.24722964017961346,0.1060053488937514
254,23:53:00,0.0036541231861143314,0.0,0.013412780622864221,0.12304762160691453,0.4235993559308036
1046,14:00:00,0.7578626112145667,1.0,0.8522319138019496,0.26821355804798896,0.05154388524191589
1228,17:02:00,0.5074487895716947,0.6650124069478907,0.5403560011051032,0.2519494392024209,0.10503282275711157
764,09:18:00,0.6643159298342415,0.9257666268418958,0.7998118693347016,0.08336992858979675,0.6350595672258688
271,00:10:00,0.00027157045313469893,0.0,0.01104609859099337,0.12082962435463708,0.4383100488133309
86,21:05:00,0.004148952367567315,0.0,0.011495977617936692,0.1668553347150329,0.5013830973122495
1359,19:13:00,7.759155803848541e-05,0.0,0.0039862651458341105,0.2096492789745411,0.3080289513549906
265,00:04:00,0.0003491620111731843,0.0,0.010291273631448106,0.1221648566850635,0.4201312910284463
1417,07:20:00,0.4564711359404098,0.6168734491315135,0.5297884516714686,0.03190315114829945,0.6827133479212251
1115,15:09:00,0.6648820608317817,0.8997518610421835,0.7398073962979044,0.2572903685241236,0.06665544521124378
1079,14:33:00,0.7038790031496425,0.9582636399840704,0.7906618778860952,0.2549443158665162,0.07682956479455383
712,08:26:00,0.6229438237119802,0.8679900744416875,0.7541934719974741,0.046216841730460916,0.7635078269651572
668,06:47:00,0.03686304384628407,0.033365917236884916,0.05378049349316672,0.02958227458850504,0.6707777998806443
221,23:20:00,0.005858162631905649,0.0,0.014331807238426031,0.1326864874488154,0.499915839084329
113,21:32:00,0.004306331471135939,0.0,0.009536448671902727,0.16115364073348748,0.56404645682545
1186,16:20:00,0.6361099616065478,0.8561529271206694,0.6992474773388064,0.2692421814729096,0.10892292730367126
631,06:10:00,0.00015225513275476382,0.0,0.01772558738395114,0.03150207758791501,0.6802361587052554
174,22:33:00,0.004225079933944696,0.0,0.011583105027251572,0.14814797397388624,0.4731431402501961
926,12:00:00,0.7577979515828679,1.0,0.8861546355132808,0.1937333095958692,0.331257364080121
720,08:34:00,0.627367979400878,0.8752688172043009,0.7583376090302718,0.04860245682748798,0.7935813274981762
1419,07:22:00,0.4868094351334575,0.6598014888337469,0.5670856849666497,0.03756453622930378,0.6746339000168321
922,11:56:00,0.7622206703910617,1.0,0.8920156293168098,0.19042193341641445,0.3534758458172024
893,11:27:00,0.7376629422718808,1.0,0.867150807120022,0.17514687555634678,0.38983336138697183
799,09:53:00,0.6922718808193669,0.9630272952853598,0.8269230769230769,0.1107352679366207,0.6039387308533914
306,00:45:00,0.00013578522656734946,0.0,0.011534514741287529,0.11126936086879136,0.4054872917017335
